观察期标签,delay_window_count,总窗口数,窗口1权重,延期窗口权重,延续活跃系数,策略编号,策略名称,p0,p1,Pmax,兑换概率,窗口1会员收入,窗口1私教收入,延期窗口会员收入合计,延期窗口私教收入合计,会员收入,私教收入,积分成本,平台利润,总活跃度提升,总线上活跃提升,最终续费概率提升,最终私教购买概率提升,私教期望购买人数提升,私教收入提升,成本收入比,是否利润非负,是否满足成本约束
L1,1,2,1.0,1.0,0.2,S0,无积分基准策略,0,0,0,0.0,8076026.680760961,85647.12111976856,8076026.680760961,85647.12111976856,16152053.361521922,171294.24223953712,0.0,5704606.949204534,0.0,0.0,0.0,0.0,0.0,0.0,0.0,True,True
L1,1,2,1.0,1.0,0.2,S1,低补贴保留策略,6,2,120,0.3,9906656.922155626,104090.3292158732,9607142.840413282,78290.69934212163,19513799.762568906,182381.0285579948,68463.38854754159,6816080.836918973,49311.69995900018,124611.67238898657,57273.03191630061,-21.320856035328827,-21.320856035328827,11086.786318457685,0.003475972792572266,True,True
L1,1,2,1.0,1.0,0.2,S2,均衡促活策略,10,4,220,0.5,10004916.25292711,108277.198504514,9810205.201991895,90311.85603541965,19815121.454919003,198589.05453993366,273175.976635938,6721693.248947693,119762.13162908147,359417.7045335239,64568.78781594273,18.19573877552425,18.19573877552425,27294.81230039653,0.013649441791757144,True,True
L1,1,2,1.0,1.0,0.2,S3,私教转化强化策略,9,4,260,0.55,9998574.805257369,108552.48414130916,9825079.21721632,91628.85651884045,19823654.02247369,200181.3406601496,323755.3396197923,6674577.970444043,130593.58246157429,429236.5779861497,65111.28230421812,22.490329032492763,22.490329032492763,28887.098420612485,0.0161684978800746,True,True
L1,1,2,1.0,1.0,0.2,S4,流失召回强化策略,12,5,300,0.6,10037588.970241684,110154.84747379874,9884210.947512228,102210.74445988591,19921799.917753913,212365.59193368466,455576.49851949443,6580763.15027448,195390.84612457588,606388.6030663442,67295.41846840228,57.217430278839544,57.217430278839544,41071.34969414753,0.022627036531526114,True,True
L1,1,2,1.0,1.0,0.2,S5,高强度综合激励策略,16,7,420,0.7,10093591.118145987,111681.44319635516,9957926.601817098,106430.63169103267,20051517.719963085,218112.07488738783,788873.9182760085,6294590.906177288,360840.3144362071,1154217.6386592584,69969.45460407465,70.88711245216403,70.88711245216403,46817.83264785071,0.03891900968395698,True,True
L1,2,3,1.0,1.0,0.2,S0,无积分基准策略,0,0,0,0.0,8076026.680760961,85647.12111976856,16152053.361521922,171294.24223953712,24228080.042282883,256941.3633593057,0.0,8556910.4238068,0.0,0.0,0.0,0.0,0.0,0.0,0.0,True,True
L1,2,3,1.0,1.0,0.2,S1,低补贴保留策略,6,2,120,0.3,9906656.922155626,104090.3292158732,18660611.96779465,151143.95177740225,28567268.889950275,255234.28099327546,68463.38854754159,10006651.007233037,50955.42329096685,128765.39480195279,36983.33135525679,-40.461523109603725,-40.461523109603725,-1707.0823660302267,0.0023753449914288042,True,True
L1,2,3,1.0,1.0,0.2,S2,均衡促活策略,10,4,220,0.5,10004916.25292711,108277.198504514,19204520.523306303,165656.16645047232,29209436.776233412,273933.3649549863,273175.976635938,10032306.904532252,123754.20268338418,371398.29468464135,49649.542236692505,-31.53251557271967,-31.53251557271967,16992.00159568063,0.009265425740943703,True,True
L1,2,3,1.0,1.0,0.2,S3,私教转化强化策略,9,4,260,0.55,9998574.805257369,108552.48414130916,19260150.642572418,167053.42181836403,29258725.447829787,275605.9059596732,323755.3396197923,9999480.338908534,134946.7018769601,443544.46391902136,51069.03767155025,-31.26081474923846,-31.26081474923846,18664.54260036754,0.010961999976960787,True,True
L1,2,3,1.0,1.0,0.2,S4,流失召回强化策略,12,5,300,0.6,10037588.970241684,110154.84747379874,19442506.43098552,179423.47057323635,29480095.401227206,289578.3180470351,455576.49851949443,9949330.387324136,201903.87432872842,626601.556501889,55408.059032682264,-25.002992739728086,-25.002992739728086,32636.95468772939,0.015303375603493211,True,True
L1,2,3,1.0,1.0,0.2,S5,高强度综合激励策略,16,7,420,0.7,10093591.118145987,111681.44319635516,19671401.397179797,188954.78781607994,29764992.515325785,300636.2310124351,788873.9182760085,9719064.331391746,372868.324917414,1192691.5599479002,61091.55936961477,-7.763094765441358,-7.763094765441358,43694.86765312942,0.02623839750472831,True,True
L1,3,4,1.0,1.0,0.2,S0,无积分基准策略,0,0,0,0.0,8076026.680760961,85647.12111976856,24228080.042282883,256941.3633593057,32304106.723043844,342588.48447907425,0.0,11409213.898409069,0.0,0.0,0.0,0.0,0.0,0.0,0.0,True,True
L1,3,4,1.0,1.0,0.2,S1,低补贴保留策略,6,2,120,0.3,9906656.922155626,104090.3292158732,27418484.598492295,221501.7951809208,37325141.52064792,325592.124396794,68463.38854754159,13093013.780998267,51284.16795736019,129596.13928454604,26328.18294734349,-45.49414790780227,-45.49414790780227,-16996.36008228024,0.0018183812616504537,True,True
L1,3,4,1.0,1.0,0.2,S2,均衡促活策略,10,4,220,0.5,10004916.25292711,108277.198504514,28086139.526198022,233017.41070890537,38091055.77912513,341294.6092134194,273175.976635938,13161081.928821884,124552.61689424473,373794.4127148648,30691.303106370582,-59.02414154730144,-59.02414154730144,-1293.875265654875,0.007107969558864846,True,True
L1,3,4,1.0,1.0,0.2,S3,私教转化强化策略,9,4,260,0.55,9998574.805257369,108552.48414130916,28178359.45916905,234886.31584092102,38176934.26442642,343438.7999822302,323755.3396197923,13141203.292924123,135817.3257600373,446406.0411055957,32065.754997146483,-57.666088158475155,-57.666088158475155,850.315503155929,0.008404782037766137,True,True
L1,3,4,1.0,1.0,0.2,S4,流失召回强化策略,12,5,300,0.6,10037588.970241684,110154.84747379874,28468732.14118514,250385.00590324868,38506321.11142682,360539.8533770474,455576.49851949443,13129797.846493008,203206.47996955892,630644.147188998,35985.39024778858,-47.162077239771804,-47.162077239771804,17951.368897973152,0.01172146366366053,True,True
L1,3,4,1.0,1.0,0.2,S5,高强度综合激励策略,16,7,420,0.7,10093591.118145987,111681.44319635516,28939364.92712664,263932.54080747394,39032956.045272626,375613.9840038291,788873.9182760085,12985344.892770559,375273.92701365537,1200386.3442056286,44868.84176014374,-33.04592646217238,-33.04592646217238,33025.49952475482,0.02001782652072779,True,True
L1,4,5,1.0,1.0,0.2,S0,无积分基准策略,0,0,0,0.0,8076026.680760961,85647.12111976856,32304106.723043844,342588.48447907425,40380133.40380481,428235.60559884284,0.0,14261517.373011336,0.0,0.0,0.0,0.0,0.0,0.0,0.0,True,True
L1,4,5,1.0,1.0,0.2,S1,低补贴保留策略,6,2,120,0.3,9906656.922155626,104090.3292158732,36087878.468048766,309391.9163466602,45994535.39020439,413482.2455625334,68463.38854754159,16153668.671692755,51349.91689063885,129762.28818106468,23172.468401378737,9.297338302540318,9.297338302540318,-14753.36003630946,0.0014752491495085209,True,True
L1,4,5,1.0,1.0,0.2,S2,均衡促活策略,10,4,220,0.5,10004916.25292711,108277.198504514,36816853.60252546,315132.07568316266,46821769.85545257,423409.27418767667,273175.976635938,16241466.255028762,124712.29973641684,374273.63632090954,25271.728351524613,-6.5900679426413085,-6.5900679426413085,-4826.331411166175,0.0057820920921126395,True,True
L1,4,5,1.0,1.0,0.2,S3,私教转化强化策略,9,4,260,0.55,9998574.805257369,108552.48414130916,36913880.092084676,316964.0395105612,46912454.89734204,425516.5236518704,323755.3396197923,16223258.831545481,135991.45053665273,446978.35654291057,25440.178612341668,-6.752222410401387,-6.752222410401387,-2719.0819469724665,0.006839231380249009,True,True
L1,4,5,1.0,1.0,0.2,S4,流失召回强化策略,12,5,300,0.6,10037588.970241684,110154.84747379874,37207251.797953404,322623.2609236698,47244840.76819509,432778.1083974685,455576.49851949443,16209951.202868026,203467.001097725,631452.6653264198,25619.147158435695,-39.414590536436116,-39.414590536436116,4542.5027986256755,0.009555353418523189,True,True
L1,4,5,1.0,1.0,0.2,S5,高强度综合激励策略,16,7,420,0.7,10093591.118145987,111681.44319635516,37760464.321166515,329820.31189271546,47854055.4393125,441501.75508907065,788873.9182760085,16092496.012010086,375755.04743290367,1201925.3010571743,28508.30708473386,-63.22916122271288,-63.22916122271288,13266.149490227806,0.016334295825609704,True,True
L1,6,7,1.0,1.0,0.2,S0,无积分基准策略,0,0,0,0.0,8076026.680760961,85647.12111976856,48456160.08456577,513882.72671861143,56532186.76532674,599529.84783838,0.0,19966124.32221587,0.0,0.0,0.0,0.0,0.0,1.1641532182693481e-10,0.0,True,True
L1,6,7,1.0,1.0,0.2,S1,低补贴保留策略,6,2,120,0.3,9906656.922155626,104090.3292158732,53144072.375191204,457689.45607981744,63050729.29734683,561779.7852956906,68463.38854754159,22167825.80111255,51365.69663462573,129802.16391622915,15777.819533420967,-40.5338654781326,-40.5338654781326,-37750.062542689266,0.001076256691252298,True,True
L1,6,7,1.0,1.0,0.2,S2,均衡促活策略,10,4,220,0.5,10004916.25292711,108277.198504514,53971577.14371879,465634.4587907871,63976493.396645896,573911.6572953011,273175.976635938,22290770.209378716,124750.62361853814,374388.6499863603,17782.201585238585,-36.866882287537194,-36.866882287537194,-25618.190543078817,0.0042319792789473586,True,True
L1,6,7,1.0,1.0,0.2,S3,私教转化强化策略,9,4,260,0.55,9998574.805257369,108552.48414130916,54084847.05264674,478128.89345557423,64083421.85790411,586681.3775968833,323755.3396197923,22281446.723925706,136033.24048304046,447115.71224786615,18104.551480964303,-36.50799181429125,-36.50799181429125,-12848.470241496572,0.005006259823659368,True,True
L1,6,7,1.0,1.0,0.2,S4,流失召回强化策略,12,5,300,0.6,10037588.970241684,110154.84747379874,54425694.07505131,484773.24985186465,64463283.04529299,594928.0973256634,455576.49851949443,22285050.99653075,203529.52616848488,631646.709679401,19063.176438409697,-35.01383943186225,-35.01383943186225,-4601.750512716477,0.007002597989065414,True,True
L1,6,7,1.0,1.0,0.2,S5,高强度综合激励策略,16,7,420,0.7,10093591.118145987,111681.44319635516,55076947.8998048,500331.2507829531,65170539.01795079,612012.6939793082,788873.9182760085,22204418.54620056,375870.5163335232,1202294.6507015454,21291.83111541985,-32.360782872678875,-32.360782872678875,12482.846140928334,0.011992145299114947,True,True
L1,8,9,1.0,1.0,0.2,S0,无积分基准策略,0,0,0,0.0,8076026.680760961,85647.12111976856,64608213.4460877,685176.9689581486,72684240.12684867,770824.0900779172,0.0,25670731.271420408,0.0,0.0,0.0,0.0,0.0,1.1641532182693481e-10,0.0,True,True
L1,8,9,1.0,1.0,0.2,S1,低补贴保留策略,6,2,120,0.3,9906656.922155626,104090.3292158732,69839484.28257056,598709.8746293368,79746141.20472619,702800.2038452099,68463.38854754159,28053526.094260186,51366.32782438521,129803.75894563572,9024.972509156183,-52.19044103254894,-52.19044103254894,-68023.88623270718,0.0008510166491792668,True,True
L1,8,9,1.0,1.0,0.2,S2,均衡促活策略,10,4,220,0.5,10004916.25292711,108277.198504514,70768434.00762212,608652.1537169418,80773350.26054923,716929.3522214559,273175.976635938,28212575.42022273,124752.15657382298,374393.25053297833,11289.420002625111,-49.396437107332346,-49.396437107332346,-53894.7378564612,0.003352252292347361,True,True
L1,8,9,1.0,1.0,0.2,S3,私教转化强化策略,9,4,260,0.55,9998574.805257369,108552.48414130916,70893154.0858535,621319.8745165794,80891728.89111087,729872.3586578886,323755.3396197923,28207311.479866378,136034.91208089597,447121.20647606434,11647.210050047668,-49.18366784233879,-49.18366784233879,-40951.73142002849,0.0039665399191210985,True,True
L1,8,9,1.0,1.0,0.2,S4,流失召回强化策略,12,5,300,0.6,10037588.970241684,110154.84747379874,71283595.7207595,628704.3346162516,81321184.69100118,738859.1820900504,455576.49851949443,28228495.897957932,203532.02717131528,631654.4714535202,12421.154925965604,-48.149670057434804,-48.149670057434804,-31964.907987866667,0.0055517457341853205,True,True
L1,8,9,1.0,1.0,0.2,S5,高强度综合激励策略,16,7,420,0.7,10093591.118145987,111681.44319635516,71966860.44388632,645871.1659822772,82060451.56203231,757552.6091786324,788873.9182760085,28159549.91118889,375875.13508954796,1202309.4246873204,13607.14825881765,-45.186243641288485,-45.186243641288485,-13271.48089928471,0.009525391563954586,True,True
L1,12,13,1.0,1.0,0.2,S0,无积分基准策略,0,0,0,0.0,8076026.680760961,85647.12111976856,96912320.16913156,1027765.453437223,104988346.84989253,1113412.5745569915,0.0,37079945.16982948,0.0,0.0,0.0,0.0,0.0,2.3283064365386963e-10,0.0,True,True
L1,12,13,1.0,1.0,0.2,S1,低补贴保留策略,6,2,120,0.3,9906656.922155626,104090.3292158732,102090049.81267747,872698.3272296588,111996706.73483309,976788.656445532,68463.38854754159,39423420.5655777,51366.3540818792,129803.82529885904,-1894.9302616627972,-58.07677729269212,-58.07677729269212,-136623.91811145924,0.0006060128378822105,True,True
L1,12,13,1.0,1.0,0.2,S2,均衡促活策略,10,4,220,0.5,10004916.25292711,108277.198504514,103160061.04303478,883693.3476009165,113164977.29596189,991970.5461054305,273175.976635938,39632157.24078234,124752.22034476283,374393.4419157176,-1745.9363819138823,-57.635628089913055,-57.635628089913055,-121442.02845156076,0.0023929859881491287,True,True
L1,12,13,1.0,1.0,0.2,S3,私教转化强化策略,9,4,260,0.55,9998574.805257369,108552.48414130916,103311979.11882761,896618.4075940101,113310553.92408498,1005170.8917353193,323755.3396197923,39636489.801330544,136034.98161936676,447121.4350359574,-1724.1107756739373,-57.56359436300654,-57.56359436300654,-108241.68282167194,0.002832115530399781,True,True
L1,12,13,1.0,1.0,0.2,S4,流失召回强化策略,12,5,300,0.6,10037588.970241684,110154.84747379874,103783296.55781189,904422.734637649,113820885.52805357,1014577.5821114478,455576.49851949443,39686106.71093269,203532.13121303302,631654.7943433236,-1587.606401763346,-57.454492636384096,-57.454492636384096,-98834.99244554341,0.003967210878772236,True,True
L1,12,13,1.0,1.0,0.2,S5,高强度综合激励策略,16,7,420,0.7,10093591.118145987,111681.44319635516,104599965.49404165,922627.6954078677,114693556.61218764,1034309.1386042228,788873.9182760085,39664163.637570925,375875.3272297986,1202310.0392851287,-1281.6583838217118,-56.925774368578274,-56.925774368578274,-79103.43595276843,0.006816628935115488,True,True
L2,1,2,1.0,1.0,0.35,S0,无积分基准策略,0,0,0,0.0,8076026.680760961,85647.12111976856,8076026.680760961,85647.12111976856,16152053.361521922,171294.24223953712,0.0,5704606.949204534,0.0,0.0,0.0,0.0,0.0,0.0,0.0,True,True
L2,1,2,1.0,1.0,0.35,S1,低补贴保留策略,6,2,120,0.3,9906656.922155626,104090.3292158732,9736994.28518477,85859.05702046954,19643651.207340397,189949.38623634272,68463.38854754159,6863799.3498925,55475.6624538752,140188.1314376099,61944.79748866788,3.586224627825519,3.586224627825519,18655.143996805593,0.003451889041756441,True,True
L2,1,2,1.0,1.0,0.35,S2,均衡促活策略,10,4,220,0.5,10004916.25292711,108277.198504514,9890237.434266537,102751.75155914796,19895153.687193647,211028.95006366196,273175.976635938,6753436.498900937,134732.39808271662,404344.9176002143,67509.86314916264,59.08247420865571,59.08247420865571,39734.70782412484,0.013586665433434163,True,True
L2,1,2,1.0,1.0,0.35,S3,私教转化强化策略,9,4,260,0.55,9998574.805257369,108552.48414130916,9900917.268143473,103558.80593140128,19899492.07340084,212111.29007271043,323755.3396197923,6704700.2730923155,146917.78026927108,482891.1502344184,67902.11633382383,61.64337404058571,61.64337404058571,40817.0478331733,0.01609793778092267,True,True
L2,1,2,1.0,1.0,0.35,S4,流失召回强化策略,12,5,300,0.6,10037588.970241684,110154.84747379874,9949384.265429216,106107.73926110649,19986973.2356709,216262.58673490523,455576.49851949443,6604742.909985793,219814.70189014787,682187.1784496371,69665.99737848771,69.88676071095254,69.88676071095254,44968.3444953681,0.02254967979011811,True,True
L2,1,2,1.0,1.0,0.35,S5,高强度综合激励策略,16,7,420,0.7,10093591.118145987,111681.44319635516,9999087.862351252,108436.27450668022,20092678.98049724,220117.7177030354,788873.9182760085,6309599.040208936,405945.353740733,1298494.8434916656,71494.38991246605,77.36412958128315,77.36412958128315,48823.47546349827,0.03883630255335067,True,True
L2,2,3,1.0,1.0,0.35,S0,无积分基准策略,0,0,0,0.0,8076026.680760961,85647.12111976856,16152053.361521922,171294.24223953712,24228080.042282883,256941.3633593057,0.0,8556910.4238068,0.0,0.0,0.0,0.0,0.0,0.0,0.0,True,True
L2,2,3,1.0,1.0,0.35,S1,低补贴保留策略,6,2,120,0.3,9906656.922155626,104090.3292158732,19211145.390939504,162243.33336768718,29117802.31309513,266333.6625835604,68463.38854754159,10202667.519810822,60509.565158023135,152908.90632731895,52419.41802788426,-28.105076494752698,-28.105076494752698,9392.299224254704,0.0023299439059296786,True,True
L2,2,3,1.0,1.0,0.35,S2,均衡促活策略,10,4,220,0.5,10004916.25292711,108277.198504514,19597978.68603415,185490.4405844463,29602894.93896126,293767.6390889603,273175.976635938,10175967.54372719,146958.1156865187,441035.4749380115,60875.87842063338,-7.004270363942695,-7.004270363942695,36826.27572965462,0.0091373401938349,True,True
L2,2,3,1.0,1.0,0.35,S3,私教转化强化策略,9,4,260,0.55,9998574.805257369,108552.48414130916,19627569.579808876,188003.27825234112,29626144.385066245,296555.76239365025,323755.3396197923,10134361.923871487,160249.20847889013,526709.0509038379,61557.42805242392,-1.1652724611187857,-1.1652724611187857,39614.39903434456,0.010819723421493281,True,True
L2,2,3,1.0,1.0,0.35,S4,流失召回强化策略,12,5,300,0.6,10037588.970241684,110154.84747379874,19763798.57510379,196432.3461202626,29801387.545345474,306587.19359406136,455576.49851949443,10066885.300429638,239760.850765365,744089.3483459931,64730.192968729294,18.233427967674384,18.233427967674384,49645.830234755675,0.015131422902726295,True,True
L2,2,3,1.0,1.0,0.35,S5,高强度综合激励策略,16,7,420,0.7,10093591.118145987,111681.44319635516,19901281.400007665,211849.30167982506,29994872.518153653,323530.7448761802,788873.9182760085,9806390.686540622,442781.13583942916,1416321.2274381313,67945.39195615312,61.14425449245921,61.14425449245921,66589.3815168745,0.026019639340240548,True,True
L2,3,4,1.0,1.0,0.35,S0,无积分基准策略,0,0,0,0.0,8076026.680760961,85647.12111976856,24228080.042282883,256941.3633593057,32304106.723043844,342588.48447907425,0.0,11409213.898409069,0.0,0.0,0.0,0.0,0.0,0.0,0.0,True,True
L2,3,4,1.0,1.0,0.35,S1,低补贴保留策略,6,2,120,0.3,9906656.922155626,104090.3292158732,28290258.705737352,235776.2703166111,38196915.62789298,339866.5995324843,68463.38854754159,13402417.061074745,62271.43110447491,157361.1775387171,37959.67362926419,-38.172376650563514,-38.172376650563514,-2721.8849465899402,0.001776572526048069,True,True
L2,3,4,1.0,1.0,0.35,S2,均衡促活策略,10,4,220,0.5,10004916.25292711,108277.198504514,29028480.98501388,260960.26796701807,39033397.23794099,369237.46647153207,273175.976635938,13499284.296584867,151237.11684784942,453877.17000624054,50916.708590111535,-31.117813282812445,-31.117813282812445,26648.98199245782,0.006932936812099681,True,True
L2,3,4,1.0,1.0,0.35,S3,私教转化强化策略,9,4,260,0.55,9998574.805257369,108552.48414130916,29092544.59049596,264202.3606601542,39091119.395753324,372754.84480146336,323755.3396197923,13469962.902334308,164915.2083522568,542045.3161381347,52103.93743321439,-28.659256081467127,-28.659256081467127,30166.36032238911,0.008203840749296917,True,True
L2,3,4,1.0,1.0,0.35,S4,流失召回强化策略,12,5,300,0.6,10037588.970241684,110154.84747379874,29337721.672971167,273971.57711327076,39375310.643212855,384126.4245870695,455576.49851949443,13441020.153981125,246742.002871691,765755.1078097177,56003.79272561848,-24.008172360285435,-24.008172360285435,41537.94010799524,0.011458323661439696,True,True
L2,3,4,1.0,1.0,0.35,S5,高强度综合激励策略,16,7,420,0.7,10093591.118145987,111681.44319635516,29629258.048635826,295913.3241480933,39722849.16678181,407594.7673444485,788873.9182760085,13236401.720300961,455673.6595739728,1457560.4618193945,61608.72345880455,-2.465062368562867,-2.465062368562867,65006.28286537423,0.019657742126424953,True,True
L2,4,5,1.0,1.0,0.35,S0,无积分基准策略,0,0,0,0.0,8076026.680760961,85647.12111976856,32304106.723043844,342588.48447907425,40380133.40380481,428235.60559884284,0.0,14261517.373011336,0.0,0.0,0.0,0.0,0.0,0.0,0.0,True,True
L2,4,5,1.0,1.0,0.35,S1,低补贴保留策略,6,2,120,0.3,9906656.922155626,104090.3292158732,37129825.52057312,301959.5895899933,47036482.44272874,406049.9188058665,68463.38854754159,16516120.442049276,62888.08418573303,158919.47246270647,29170.375356189656,-62.15244777540853,-62.15244777540853,-22185.68679297634,0.001443080399372826,True,True
L2,4,5,1.0,1.0,0.35,S2,均衡促活策略,10,4,220,0.5,10004916.25292711,108277.198504514,38069570.49025338,333009.84952516406,48074486.74318049,441287.04802967806,273175.976635938,16685280.497886134,152734.76725431517,458371.7632801207,36524.844645915146,-43.207244167430375,-43.207244167430375,13051.442430835217,0.0056306630872582425,True,True
L2,4,5,1.0,1.0,0.35,S3,私教转化强化策略,9,4,260,0.55,9998574.805257369,108552.48414130916,38147518.29955404,337171.42704968504,48146093.104811415,445723.9111909942,323755.3396197923,16661094.4204215,166548.30830793513,547413.0089701386,37034.368206176565,-40.081118813024354,-40.081118813024354,17488.30559215136,0.006662754338105368,True,True
L2,4,5,1.0,1.0,0.35,S4,流失召回强化策略,12,5,300,0.6,10037588.970241684,110154.84747379874,38599757.96248466,348964.24985062284,48637346.93272634,459119.0973244216,455576.49851949443,16705230.657132048,249185.4061089051,773338.1236220213,44636.98042817296,-32.994266890168376,-32.994266890168376,30883.49172557873,0.009279211628809436,True,True
L2,4,5,1.0,1.0,0.35,S5,高强度综合激励策略,16,7,420,0.7,10093591.118145987,111681.44319635516,39095465.17172307,371421.66328221647,49189056.289869055,483103.10647857166,788873.9182760085,16572226.715121735,460186.04288106307,1471994.1938528365,52151.83143059033,-30.935216367541084,-30.935216367541084,54867.50087972882,0.015881611104952568,True,True
L2,6,7,1.0,1.0,0.35,S0,无积分基准策略,0,0,0,0.0,8076026.680760961,85647.12111976856,48456160.08456577,513882.72671861143,56532186.76532674,599529.84783838,0.0,19966124.32221587,0.0,0.0,0.0,0.0,0.0,1.1641532182693481e-10,0.0,True,True
L2,6,7,1.0,1.0,0.35,S1,低补贴保留策略,6,2,120,0.3,9906656.922155626,104090.3292158732,54514295.28071711,472383.4666720794,64420952.20287274,576473.7958879526,68463.38854754159,22651812.021224298,63179.452766627495,159655.76681429145,23632.48424249063,9.49163860708462,9.49163860708462,-23056.051950427354,0.0010533246124061434,True,True
L2,6,7,1.0,1.0,0.35,S2,均衡促活策略,10,4,220,0.5,10004916.25292711,108277.198504514,55632220.95508251,481036.1716545321,65637137.20800962,589313.370159046,273175.976635938,22876616.057215143,153442.40707137022,460495.4586020291,25499.015978401305,-6.311475091381933,-6.311475091381933,-10216.477679333882,0.004124877209197582,True,True
L2,6,7,1.0,1.0,0.35,S3,私教转化强化策略,9,4,260,0.55,9998574.805257369,108552.48414130916,55707731.110145696,485332.3583069584,65706305.91540307,593884.8424482676,323755.3396197923,22851617.183505762,167319.94803699316,549949.2438332604,24992.50012532557,-5.669881507547743,-5.669881507547743,-5645.005390112288,0.004883173576411662,True,True
L2,6,7,1.0,1.0,0.35,S4,流失召回强化策略,12,5,300,0.6,10037588.970241684,110154.84747379874,56273343.686737426,487709.6140335548,66310932.656979114,597864.4615073536,455576.49851949443,22932609.2698754,250339.91413848876,776921.0985933347,26253.578959959385,-43.249924676912606,-43.249924676912606,-1665.386331026326,0.0068089177827054615,True,True
L2,6,7,1.0,1.0,0.35,S5,高强度综合激励策略,16,7,420,0.7,10093591.118145987,111681.44319635516,56986734.37595801,510022.12918370776,67080325.494104,621703.5723800629,788873.9182760085,22875751.076374408,462318.14399366325,1478814.132238638,29017.30214357452,-63.82183345549418,-63.82183345549418,22173.724541682983,0.01165214586849866,True,True
L2,8,9,1.0,1.0,0.35,S0,无积分基准策略,0,0,0,0.0,8076026.680760961,85647.12111976856,64608213.4460877,685176.9689581486,72684240.12684867,770824.0900779172,0.0,25670731.271420408,0.0,0.0,0.0,0.0,0.0,1.1641532182693481e-10,0.0,True,True
L2,8,9,1.0,1.0,0.35,S1,低补贴保留策略,6,2,120,0.3,9906656.922155626,104090.3292158732,71695476.20748621,622932.0498931993,81602133.12964183,727022.3791090725,68463.38854754159,28710389.92055982,63215.14541778706,159745.96287236063,18674.261520878496,-35.38052454034964,-35.38052454034964,-43801.71096884459,0.0008315813289286625,True,True
L2,8,9,1.0,1.0,0.35,S2,均衡促活策略,10,4,220,0.5,10004916.25292711,108277.198504514,72925851.65672942,644317.4254420891,82930767.90965652,752594.6239466032,273175.976635938,28978371.178927824,153529.09294895947,460755.6112789628,21388.929282466004,-31.488403142609684,-31.488403142609684,-18229.466131313937,0.0032644000953743215,True,True
L2,8,9,1.0,1.0,0.35,S3,私教转化强化策略,9,4,260,0.55,9998574.805257369,108552.48414130916,73003460.07408649,655833.7649689752,83002034.87934385,764386.2491102844,323755.3396197923,28956272.74288364,167414.47390380278,550259.9326039929,21419.124711510558,-30.864500119044262,-30.864500119044262,-6437.840967632714,0.0038649775800176536,True,True
L2,8,9,1.0,1.0,0.35,S4,流失召回强化策略,12,5,300,0.6,10037588.970241684,110154.84747379874,73607991.46278802,669829.3727932271,83645580.4330297,779984.2202670259,455576.49851949443,29054371.919121005,250481.34137211277,777360.0130273205,21996.717058784354,5.529328405838464,5.529328405838464,9160.130189108779,0.005396191312316022,True,True
L2,8,9,1.0,1.0,0.35,S5,高强度综合激励策略,16,7,420,0.7,10093591.118145987,111681.44319635516,74385524.45581733,687086.4486494934,84479115.57396331,798767.8918458485,788873.9182760085,29018446.900164906,462579.32637995674,1479649.5746908986,23289.65592414935,32.209723594888786,32.209723594888786,27943.801767931436,0.009250627316428358,True,True
L2,12,13,1.0,1.0,0.35,S0,无积分基准策略,0,0,0,0.0,8076026.680760961,85647.12111976856,96912320.16913156,1027765.453437223,104988346.84989253,1113412.5745569915,0.0,37079945.16982948,0.0,0.0,0.0,0.0,0.0,2.3283064365386963e-10,0.0,True,True
L2,12,13,1.0,1.0,0.35,S1,低补贴保留策略,6,2,120,0.3,9906656.922155626,104090.3292158732,105314022.86313365,909556.6274198581,115220679.78528929,1013646.9566357313,68463.38854754159,40562868.62329443,63220.053380400575,159758.3653940705,9811.723701440978,-51.44633147967572,-51.44633147967572,-99765.61792125995,0.0005890117873659714,True,True
L2,12,13,1.0,1.0,0.35,S2,均衡促活策略,10,4,220,0.5,10004916.25292711,108277.198504514,106750410.00443214,934828.1786730856,116755326.25735925,1043105.3771775996,273175.976635938,40904119.82659307,153541.01279891471,460791.38389799546,12019.577722780004,-48.73944629645216,-48.73944629645216,-70307.19737939164,0.0023190120008002436,True,True
L2,12,13,1.0,1.0,0.35,S3,私教转化强化策略,9,4,260,0.55,9998574.805257369,108552.48414130916,106842280.43317275,946631.4748055781,116840855.23843011,1055183.9589468874,323755.3396197923,40887099.18151481,167427.4718012758,550302.6542517734,12098.901231339421,-48.585060362524615,-48.585060362524615,-58228.61561010382,0.0027461087058045573,True,True
L2,12,13,1.0,1.0,0.35,S4,流失召回强化策略,12,5,300,0.6,10037588.970241684,110154.84747379874,107525602.82669671,962367.9979519927,117563191.79693839,1072522.8454257913,455576.49851949443,41013297.48403667,250500.7885006563,777420.3665052088,13015.499454685536,-47.249019046205994,-47.249019046205994,-40889.729131199885,0.0038401294238658424,True,True
L2,12,13,1.0,1.0,0.35,S5,高强度综合激励策略,16,7,420,0.7,10093591.118145987,111681.44319635516,108472463.00085126,982715.704078273,118566054.11899725,1094397.1472746283,788873.9182760085,41037564.167555414,462615.24059046194,1479764.4532495998,14137.376302764593,-44.26353763258945,-44.26353763258945,-19015.427282362944,0.006592603570586438,True,True
L3,1,2,1.0,1.0,0.5,S0,无积分基准策略,0,0,0,0.0,8076026.680760961,85647.12111976856,8076026.680760961,85647.12111976856,16152053.361521922,171294.24223953712,0.0,5704606.949204534,0.0,0.0,0.0,0.0,0.0,0.0,0.0,True,True
L3,1,2,1.0,1.0,0.5,S1,低补贴保留策略,6,2,120,0.3,9906656.922155626,104090.3292158732,9814696.608763091,90498.7435296874,19721353.530918717,194589.0727455606,68463.38854754159,6892387.069097677,61639.62494875022,155764.59048623318,64738.34508430253,18.80733048666188,18.80733048666188,23294.830506023485,0.003437617285307159,True,True
L3,1,2,1.0,1.0,0.5,S2,均衡促活策略,10,4,220,0.5,10004916.25292711,108277.198504514,9937753.031854998,105311.61896378746,19942669.284782108,213588.81746830145,273175.976635938,6770834.91827829,149702.66453635186,449272.13066690485,69252.93523814336,67.17123058730375,67.17123058730375,42294.575228764326,0.013552911222417736,True,True
L3,1,2,1.0,1.0,0.5,S3,私教转化强化策略,9,4,260,0.55,9998574.805257369,108552.48414130916,9943465.212734416,105848.00989468744,19942040.017991785,214400.4940359966,323755.3396197923,6720278.814888132,163241.97807696788,536545.7224826871,69453.37897801922,68.99310855108004,68.99310855108004,43106.25179645949,0.01606212859986864,True,True
L3,1,2,1.0,1.0,0.5,S4,流失召回强化策略,12,5,300,0.6,10037588.970241684,110154.84747379874,9986703.357124649,107571.20254941261,20024292.327366333,217726.05002321134,455576.49851949443,6618243.631065685,244238.55765571987,757985.7538329302,71047.22684205402,74.58860244204972,74.58860244204972,46431.807783674216,0.02250647588722556,True,True
L3,1,2,1.0,1.0,0.5,S5,高强度综合激励策略,16,7,420,0.7,10093591.118145987,111681.44319635516,10032862.568674004,109830.36565895085,20126453.686819993,221511.808855306,788873.9182760085,6321838.414767581,451050.39304525894,1442772.0483240727,72751.08844619589,82.10864421645361,82.10864421645361,50217.56661576888,0.03876917908297385,True,True
L3,2,3,1.0,1.0,0.5,S0,无积分基准策略,0,0,0,0.0,8076026.680760961,85647.12111976856,16152053.361521922,171294.24223953712,24228080.042282883,256941.3633593057,0.0,8556910.4238068,0.0,0.0,0.0,0.0,0.0,0.0,0.0,True,True
L3,2,3,1.0,1.0,0.5,S1,低补贴保留策略,6,2,120,0.3,9906656.922155626,104090.3292158732,19477972.250101507,173258.2133565441,29384629.172257133,277348.5425724173,68463.38854754159,10299361.38451418,71912.89577354192,181725.35556727205,59299.52545971621,-6.6094643915544395,-6.6094643915544395,20407.17921311161,0.0023081194789419997,True,True
L3,2,3,1.0,1.0,0.5,S2,均衡促活策略,10,4,220,0.5,10004916.25292711,108277.198504514,19785008.58753127,199905.1116537699,29789924.84045838,308182.3101582839,273175.976635938,10245752.410571977,174653.10862574383,524150.819111389,65937.5015637547,32.22775992175639,32.22775992175639,51240.94679897823,0.009076184600875841,True,True
L3,2,3,1.0,1.0,0.5,S3,私教转化强化策略,9,4,260,0.55,9998574.805257369,108552.48414130916,19805498.121426746,202067.9532112479,29804072.926684115,310620.4373525571,323755.3396197923,10200856.315925414,190448.9744231292,625970.009563135,66456.75092486948,37.51735420248271,37.51735420248271,53679.0739932514,0.010750743356610923,True,True
L3,2,3,1.0,1.0,0.5,S4,流失召回强化策略,12,5,300,0.6,10037588.970241684,110154.84747379874,19901318.25806064,211651.67469552805,29938907.228302326,321806.5221693268,455576.49851949443,10119582.988037115,284944.98393167317,884316.7128050852,68421.82118797737,63.29873418659122,63.29873418659122,64865.158810021094,0.015055048016254862,True,True
L3,2,3,1.0,1.0,0.5,S5,高强度综合激励策略,16,7,420,0.7,10093591.118145987,111681.44319635516,20014071.590472043,217071.89528151456,30107662.70861803,328753.33847786975,788873.9182760085,9847434.031283664,526225.4585528021,1683234.056378085,70842.63220486259,73.48540435346209,73.48540435346209,71811.97511856406,0.025918751966569963,True,True
L3,3,4,1.0,1.0,0.5,S0,无积分基准策略,0,0,0,0.0,8076026.680760961,85647.12111976856,24228080.042282883,256941.3633593057,32304106.723043844,342588.48447907425,0.0,11409213.898409069,0.0,0.0,0.0,0.0,0.0,0.0,0.0,True,True
L3,3,4,1.0,1.0,0.5,S1,低补贴保留策略,6,2,120,0.3,9906656.922155626,104090.3292158732,28956714.45820461,249701.16732713755,38863371.38036023,353791.49654301075,68463.38854754159,13639854.04354144,77049.53118593778,194705.7381077915,52595.014178509526,-27.86591897112756,-27.86591897112756,11203.012063936505,0.0017457506745818874,True,True
L3,3,4,1.0,1.0,0.5,S2,均衡促活策略,10,4,220,0.5,10004916.25292711,108277.198504514,29495316.545544542,283057.7021047357,39500232.79847165,391334.9006092497,273175.976635938,13669305.973011913,187128.3306704398,561590.1633336311,60972.18457316808,-5.717124259783304,-5.717124259783304,48746.416130175465,0.00684796292531346,True,True
L3,3,4,1.0,1.0,0.5,S3,私教转化强化策略,9,4,260,0.55,9998574.805257369,108552.48414130916,29537522.847138733,286889.4528693267,39536097.6523961,395441.93701063585,323755.3396197923,13632511.419822032,204052.47259620985,670682.1531033589,61760.87816336902,0.022141469486847143,0.022141469486847143,52853.452531561605,0.008107760004968101,True,True
L3,3,4,1.0,1.0,0.5,S4,流失召回强化策略,12,5,300,0.6,10037588.970241684,110154.84747379874,29719169.371281706,302365.2883794807,39756758.341523394,412520.13585327944,455576.49851949443,13583044.961769676,305298.1970696498,947482.1922911628,64860.243192882204,19.51073207842914,19.51073207842914,69931.65137420519,0.011341416022099449,True,True
L3,3,4,1.0,1.0,0.5,S5,高强度综合激励策略,16,7,420,0.7,10093591.118145987,111681.44319635516,29918500.79332578,320585.9839444416,40012091.91147177,432267.4271407968,788873.9182760085,13345038.47888135,563812.9913065736,1803465.060405091,68029.49980328044,61.48379008958598,61.48379008958598,89678.94266172254,0.01950516539701654,True,True
L3,4,5,1.0,1.0,0.5,S0,无积分基准策略,0,0,0,0.0,8076026.680760961,85647.12111976856,32304106.723043844,342588.48447907425,40380133.40380481,428235.60559884284,0.0,14261517.373011336,0.0,0.0,0.0,0.0,0.0,0.0,0.0,True,True
L3,4,5,1.0,1.0,0.5,S1,低补贴保留策略,6,2,120,0.3,9906656.922155626,104090.3292158732,38226302.49581505,324738.198861751,48132959.41797068,428828.5280776242,68463.38854754159,16906720.966165483,79617.8488921357,201195.9293780512,44927.30443758843,-32.85299165972989,-32.85299165972989,592.9224787813728,0.0014098201784416128,True,True
L3,4,5,1.0,1.0,0.5,S2,均衡促活策略,10,4,220,0.5,10004916.25292711,108277.198504514,39033199.37515959,360137.64623082365,49038115.6280867,468414.84473533765,273175.976635938,17030688.94661501,193365.9416927878,580309.8354447521,54646.54481756295,-25.49271038651072,-25.49271038651072,40179.23913649481,0.005517978618717896,True,True
L3,4,5,1.0,1.0,0.5,S3,私教转化强化策略,9,4,260,0.55,9998574.805257369,108552.48414130916,39104277.37550668,364354.3615214887,49102852.18076405,472906.84566279786,323755.3396197923,17004114.97734646,210854.22168275018,693038.2248734708,55712.50113379587,-24.21022332085782,-24.21022332085782,44671.24006395502,0.006530517050625717,True,True
L3,4,5,1.0,1.0,0.5,S4,流失召回强化策略,12,5,300,0.6,10037588.970241684,110154.84747379874,39387882.21894503,385412.36454246903,49425471.18918671,495567.21201626776,455576.49851949443,16992008.58130073,315474.8036386382,979064.9320342016,59487.47703668698,-5.677818058460854,-5.677818058460854,67331.60641742492,0.009125941949727474,True,True
L3,4,5,1.0,1.0,0.5,S5,高强度综合激励策略,16,7,420,0.7,10093591.118145987,111681.44319635516,39725600.7583843,410390.40984884044,49819191.87653029,522071.8530451956,788873.9182760085,16804464.79442315,582606.7576834594,1863580.562418594,64458.73489990501,16.440689131807535,16.440689131807535,93836.24744635273,0.015670522744794448,True,True
L3,6,7,1.0,1.0,0.5,S0,无积分基准策略,0,0,0,0.0,8076026.680760961,85647.12111976856,48456160.08456577,513882.72671861143,56532186.76532674,599529.84783838,0.0,19966124.32221587,0.0,0.0,0.0,0.0,0.0,1.1641532182693481e-10,0.0,True,True
L3,6,7,1.0,1.0,0.5,S1,低补贴保留策略,6,2,120,0.3,9906656.922155626,104090.3292158732,56077861.349780194,461781.20040846185,65984518.27193582,565871.529624335,68463.38854754159,23195879.465517294,81544.08717178415,206063.57283074598,29345.359752538538,-61.22373521536129,-61.22373521536129,-33658.318214044906,0.001028745117071224,True,True
L3,6,7,1.0,1.0,0.5,S2,均衡促活策略,10,4,220,0.5,10004916.25292711,108277.198504514,57386957.76687572,509025.94790556596,67391874.01980284,617303.1464100799,273175.976635938,23499170.874218076,198044.1499595488,594349.5895280929,36778.948520358834,-41.74494110638145,-41.74494110638145,17773.298571699997,0.004016751679972572,True,True
L3,6,7,1.0,1.0,0.5,S3,私教转化强化策略,9,4,260,0.55,9998574.805257369,108552.48414130916,57480405.83124437,514134.8899491519,67478980.63650174,622687.3740904611,323755.3396197923,23480694.095382955,215955.53349765541,709805.2787010549,37283.12796608063,-38.74753942785411,-38.74753942785411,23157.526252081152,0.004754000145333253,True,True
L3,6,7,1.0,1.0,0.5,S4,流失召回强化策略,12,5,300,0.6,10037588.970241684,110154.84747379874,58139500.55654854,536862.4978714053,68177089.52679023,647017.3453452041,455576.49851949443,23600510.039460648,323107.2585653794,1002751.9868414806,44954.26371984748,-32.71192404538216,-32.71192404538216,47487.497506824206,0.006619432045313501,True,True
L3,6,7,1.0,1.0,0.5,S5,高强度综合激励策略,16,7,420,0.7,10093591.118145987,111681.44319635516,58858851.01338351,567461.3947680681,68952442.1315295,679142.8379644232,788873.9182760085,23548223.67914864,596702.0824661237,1908667.1889287212,52404.90091065037,-30.593347925228244,-30.593347925228244,79612.99012604333,0.011329254082348111,True,True
L3,8,9,1.0,1.0,0.5,S0,无积分基准策略,0,0,0,0.0,8076026.680760961,85647.12111976856,64608213.4460877,685176.9689581486,72684240.12684867,770824.0900779172,0.0,25670731.271420408,0.0,0.0,0.0,0.0,0.0,1.1641532182693481e-10,0.0,True,True
L3,8,9,1.0,1.0,0.5,S1,低补贴保留策略,6,2,120,0.3,9906656.922155626,104090.3292158732,73565319.17580207,616445.603249417,83471976.0979577,720535.9324652902,68463.38854754159,29362889.025477238,82025.64674169627,207280.48369391967,25258.662368264362,-6.710565670786973,-6.710565670786973,-50288.15761262691,0.0008131766934665439,True,True
L3,8,9,1.0,1.0,0.5,S2,均衡促活策略,10,4,220,0.5,10004916.25292711,108277.198504514,75042040.31950445,645994.8643489887,85046956.57243156,754272.0628535028,273175.976635938,29719540.44257116,199213.70202623907,597859.5280489281,26983.880728860007,-50.802365331085426,-50.802365331085426,-16552.027224414283,0.0031838235999757766,True,True
L3,8,9,1.0,1.0,0.5,S3,私教转化强化策略,9,4,260,0.55,9998574.805257369,108552.48414130916,75169949.89233169,651466.5143061392,85168524.69758905,760018.9984474484,323755.3396197923,29713234.004070606,217230.86145138173,713997.0421579508,27498.657360051835,-50.9319610561963,-50.9319610561963,-10805.091630468727,0.0037677275291088832,True,True
L3,8,9,1.0,1.0,0.5,S4,流失召回强化策略,12,5,300,0.6,10037588.970241684,110154.84747379874,76002077.40340209,673820.6298101501,86039666.37364377,783975.4772839489,455576.49851949443,29893499.375441007,325015.37229706475,1008673.7505433004,29375.879434664006,-62.01329133313451,-62.01329133313451,13151.387206031824,0.005247147998026836,True,True
L3,8,9,1.0,1.0,0.5,S5,高强度综合激励策略,16,7,420,0.7,10093591.118145987,111681.44319635516,77114478.27596295,712401.5782075396,87208069.39410894,824083.0214038948,788873.9182760085,29981175.276083287,600225.9136617898,1919938.845556253,34945.20347389579,-50.469855855955785,-50.469855855955785,53258.93132597767,0.008961202204309557,True,True
L3,12,13,1.0,1.0,0.5,S0,无积分基准策略,0,0,0,0.0,8076026.680760961,85647.12111976856,96912320.16913156,1027765.453437223,104988346.84989253,1113412.5745569915,0.0,37079945.16982948,0.0,0.0,0.0,0.0,0.0,2.3283064365386963e-10,0.0,True,True
L3,12,13,1.0,1.0,0.5,S1,低补贴保留策略,6,2,120,0.3,9906656.922155626,104090.3292158732,108069462.48223451,946651.2809961033,117976119.40439013,1050741.6102119766,68463.38854754159,41538400.88605259,82176.1341072938,207660.76833866147,18991.377705639574,-35.212892880194836,-35.212892880194836,-62670.964345014654,0.0005751927587096711,True,True
L3,12,13,1.0,1.0,0.5,S2,均衡促活策略,10,4,220,0.5,10004916.25292711,108277.198504514,109737823.55370562,994542.6895454215,119742739.80663273,1102819.8880499355,273175.976635938,41967628.92210049,199579.18704707976,598956.3838366892,21507.828040370638,-31.14231649574621,-31.14231649574621,-10592.686507055769,0.0022605379736427176,True,True
L3,12,13,1.0,1.0,0.5,S3,私教转化强化策略,9,4,260,0.55,9998574.805257369,108552.48414130916,109849687.19992192,992564.5404381674,119848262.00517929,1101117.0245794766,323755.3396197923,41953471.46956679,217629.4014369212,715306.9682382308,21460.265835886843,-30.313895199647316,-30.313895199647316,-12295.54997751466,0.00267678381002795,True,True
L3,12,13,1.0,1.0,0.5,S4,流失召回强化策略,12,5,300,0.6,10037588.970241684,110154.84747379874,110818822.90004246,1008239.8190433478,120856411.87028414,1118394.6665171466,455576.49851949443,42179686.056035094,325611.6578382164,1010524.301700119,22164.79288801251,6.2048297403963,6.2048297403963,4982.091960155405,0.0037350048871120072,True,True
L3,12,13,1.0,1.0,0.5,S5,高强度综合激励策略,16,7,420,0.7,10093591.118145987,111681.44319635516,112113898.42503259,1026198.9054232216,122207489.54317857,1137880.3486195768,788873.9182760085,42325111.52642236,601327.1109104354,1923461.2382523569,23529.281277789854,32.26324492903628,32.26324492903628,24467.77406258555,0.0063956508377090255,True,True
L4,1,2,1.0,1.0,0.7,S0,无积分基准策略,0,0,0,0.0,8076026.680760961,85647.12111976856,8076026.680760961,85647.12111976856,16152053.361521922,171294.24223953712,0.0,5704606.949204534,0.0,0.0,0.0,0.0,0.0,0.0,0.0,True,True
L4,1,2,1.0,1.0,0.7,S1,低补贴保留策略,6,2,120,0.3,9906656.922155626,104090.3292158732,9865621.68147361,97029.23773529773,19772278.60362924,201119.5669511709,68463.38854754159,6912169.992808043,69858.24160858359,176533.2025510643,66611.0954087636,40.227553070297,40.227553070297,29825.324711633788,0.003427728619979346,True,True
L4,1,2,1.0,1.0,0.7,S2,均衡促活策略,10,4,220,0.5,10004916.25292711,108277.198504514,9967363.432228008,107069.55519068736,19972279.685155116,215346.75369520136,273175.976635938,6781725.939276913,169663.01980786538,509175.08142249205,70330.47845676342,72.94102411832885,72.94102411832885,44052.51145566424,0.01353185217011056,True,True
L4,1,2,1.0,1.0,0.7,S3,私教转化强化策略,9,4,260,0.55,9998574.805257369,108552.48414130916,9978290.893350426,107331.37793303555,19976865.698607795,215883.8620743447,323755.3396197923,6732912.813515238,185007.57515389693,608085.1521470454,70735.58285416634,73.78033590784949,73.78033590784949,44589.619834807585,0.016033246916021048,True,True
L4,1,2,1.0,1.0,0.7,S4,流失召回强化策略,12,5,300,0.6,10037588.970241684,110154.84747379874,10003047.81631659,108726.32191181584,20040636.786558274,218881.16938561457,455576.49851949443,6624310.727591586,276803.6986764825,859050.521010654,71639.79559228258,78.33492542804083,78.33492542804083,47586.92714607745,0.022487035452185278,True,True
L4,1,2,1.0,1.0,0.7,S5,高强度综合激励策略,16,7,420,0.7,10093591.118145987,111681.44319635516,10061402.844659502,110409.5635575859,20154993.962805487,222091.00675394107,788873.9182760085,6332001.2707320945,511190.44545129343,1635141.6547672825,73810.8367360565,84.12308757161,84.12308757161,50796.76451440394,0.03871377674748267,True,True
L4,2,3,1.0,1.0,0.7,S0,无积分基准策略,0,0,0,0.0,8076026.680760961,85647.12111976856,16152053.361521922,171294.24223953712,24228080.042282883,256941.3633593057,0.0,8556910.4238068,0.0,0.0,0.0,0.0,0.0,0.0,0.0,True,True
L4,2,3,1.0,1.0,0.7,S1,低补贴保留策略,6,2,120,0.3,9906656.922155626,104090.3292158732,19665508.65156044,187294.72575264884,29572165.573716067,291385.05496852205,68463.38854754159,10369210.078743637,89993.85242517533,227416.3021099005,64244.9318105175,17.99533989373317,17.99533989373317,34443.69160921636,0.002292540140279938,True,True
L4,2,3,1.0,1.0,0.7,S2,均衡促活策略,10,4,220,0.5,10004916.25292711,108277.198504514,19902380.36878646,212257.0618639493,29907296.62171357,320534.2603684633,273175.976635938,10290538.11907435,218565.89022307363,655937.3107736809,69149.0164240512,66.76963243313313,66.76963243313313,63592.897009157605,0.009037233855832733,True,True
L4,2,3,1.0,1.0,0.7,S3,私教转化强化策略,9,4,260,0.55,9998574.805257369,108552.48414130916,19919591.49717925,213089.46776783228,29918166.30243662,321641.95190914144,323755.3396197923,10244095.451805765,238333.2879923731,783356.7548247231,69377.4819583397,68.69007809147014,68.69007809147014,64700.58854983575,0.010706262979470627,True,True
L4,2,3,1.0,1.0,0.7,S4,流失召回强化策略,12,5,300,0.6,10037588.970241684,110154.84747379874,19988006.578137703,216186.02064488665,30025595.548379388,326340.8681186854,455576.49851949443,10151284.203848895,356588.29417735094,1106659.2005960778,70983.00323491677,74.23039788138925,74.23039788138925,69399.50475937969,0.015009800108564463,True,True
L4,2,3,1.0,1.0,0.7,S5,高强度综合激励策略,16,7,420,0.7,10093591.118145987,111681.44319635516,20091927.014206044,220200.32968401292,30185518.13235203,331881.77288036805,788873.9182760085,9875621.959911313,658533.573846078,2106447.190553146,72668.99180012995,81.97825644992149,81.97825644992149,74940.40952106236,0.02584997151545506,True,True
L4,3,4,1.0,1.0,0.7,S0,无积分基准策略,0,0,0,0.0,8076026.680760961,85647.12111976856,24228080.042282883,256941.3633593057,32304106.723043844,342588.48447907425,0.0,11409213.898409069,0.0,0.0,0.0,0.0,0.0,0.0,0.0,True,True
L4,3,4,1.0,1.0,0.7,S1,低补贴保留策略,6,2,120,0.3,9906656.922155626,104090.3292158732,29400093.47157214,272697.2331804057,39306750.393727764,376787.5623962789,68463.38854754159,13801935.517976059,104088.77999678954,263034.47180108586,61855.42101633337,2.015083070348542,2.015083070348542,34199.077917204646,0.0017252339905589537,True,True
L4,3,4,1.0,1.0,0.7,S2,均衡促活策略,10,4,220,0.5,10004916.25292711,108277.198504514,29790389.394269045,314880.9088983268,39795305.64719616,423158.1074028408,273175.976635938,13782128.432103569,252797.89951371937,758670.8713195131,67428.22472955928,58.69434099070857,58.69434099070857,80569.62292376655,0.006792302617593149,True,True
L4,3,4,1.0,1.0,0.7,S3,私教转化强化策略,9,4,260,0.55,9998574.805257369,108552.48414130916,29818556.164000288,316525.4078073626,39817130.96925765,425077.8919486718,323755.3396197923,13739763.867204987,275661.28697930643,906046.8766990975,67833.6584802859,61.22919668771469,61.22919668771469,82489.40746959753,0.008045168214707368,True,True
L4,3,4,1.0,1.0,0.7,S4,流失召回强化策略,12,5,300,0.6,10037588.970241684,110154.84747379874,29936183.492927395,322210.7797210228,39973772.46316908,432365.62719482154,455576.49851949443,13664953.55174813,412437.5110279589,1279985.2763058746,69623.49047943996,69.58122277037765,69.58122277037765,89777.1427157473,0.011274932969358454,True,True
L4,3,4,1.0,1.0,0.7,S5,高强度综合激励策略,16,7,420,0.7,10093591.118145987,111681.44319635516,30089305.70567518,328579.0246973529,40182896.82382117,440260.46789370803,788873.9182760085,13407218.110429514,761673.7637224272,2436361.0656032506,71428.60150817953,77.16143105118401,77.16143105118401,97671.98341463378,0.019419315751631642,True,True
L4,4,5,1.0,1.0,0.7,S0,无积分基准策略,0,0,0,0.0,8076026.680760961,85647.12111976856,32304106.723043844,342588.48447907425,40380133.40380481,428235.60559884284,0.0,14261517.373011336,0.0,0.0,0.0,0.0,0.0,0.0,0.0,True,True
L4,4,5,1.0,1.0,0.7,S1,低补贴保留策略,6,2,120,0.3,9906656.922155626,104090.3292158732,39057305.16688551,354224.32842417405,48963962.089041136,458314.65764004725,68463.38854754159,17206417.739908867,113955.22929691948,287967.1905849156,59085.14366050792,-10.700838640082761,-10.700838640082761,30079.052041204413,0.0013852738694831387,True,True
L4,4,5,1.0,1.0,0.7,S2,均衡促活策略,10,4,220,0.5,10004916.25292711,108277.198504514,39628742.40774662,408398.194710027,49633658.66067373,516675.393214541,273175.976635938,17253607.172564227,276760.3060171714,830584.3637015957,65609.8296149773,28.70587937240514,28.70587937240514,88439.78761569818,0.005447141714796973,True,True
L4,4,5,1.0,1.0,0.7,S3,私教转化强化策略,9,4,260,0.55,9998574.805257369,108552.48414130916,39674467.65902499,411936.270206133,49673042.46428236,520488.7543474422,323755.3396197923,17217956.149183266,301790.88627015974,991929.9620111596,66236.5524316659,34.90559969537213,34.90559969537213,92253.14874859934,0.00645014072051634,True,True
L4,4,5,1.0,1.0,0.7,S4,流失召回强化策略,12,5,300,0.6,10037588.970241684,110154.84747379874,39841664.46206347,425946.9987872818,49879253.43230516,536101.8462610806,455576.49851949443,17162992.756665636,451531.9628233844,1401313.5293027323,68070.01187064155,62.23769728481109,62.23769728481109,107866.24066223775,0.009036463117283233,True,True
L4,4,5,1.0,1.0,0.7,S5,高强度综合激励策略,16,7,420,0.7,10093591.118145987,111681.44319635516,40066546.30253349,435789.5738478613,50160137.42067948,547471.0170442165,788873.9182760085,16931415.484075073,833871.8966358716,2667300.7781383237,70696.53484239207,73.37483694411546,73.37483694411546,119235.41144537367,0.015557308707328608,True,True
L4,6,7,1.0,1.0,0.7,S0,无积分基准策略,0,0,0,0.0,8076026.680760961,85647.12111976856,48456160.08456577,513882.72671861143,56532186.76532674,599529.84783838,0.0,19966124.32221587,0.0,0.0,0.0,0.0,0.0,1.1641532182693481e-10,0.0,True,True
L4,6,7,1.0,1.0,0.7,S1,低补贴保留策略,6,2,120,0.3,9906656.922155626,104090.3292158732,58092660.38889975,508077.47060655657,67999317.31105538,612167.7998224298,68463.38854754159,23914948.010268565,125696.30396407412,317637.125937673,52239.707802039964,-28.415399598781097,-28.415399598781097,12637.951984049869,0.0009978415193448022,True,True
L4,6,7,1.0,1.0,0.7,S2,均衡促活策略,10,4,220,0.5,10004916.25292711,108277.198504514,59081725.78957124,578694.0463814461,69086642.04249835,686971.2448859601,273175.976635938,24113240.11170427,305275.56975627935,916161.4196362739,60338.304902358315,-9.73579122842357,-9.73579122842357,87441.39704758022,0.0039151760065911706,True,True
L4,6,7,1.0,1.0,0.7,S3,私教转化强化策略,9,4,260,0.55,9998574.805257369,108552.48414130916,59189089.316495284,584969.6793982852,69187664.12175265,693522.1635395944,323755.3396197923,24099983.75205551,332885.1094262751,1094130.8335325134,61305.87295603979,-4.283109317692993,-4.283109317692993,93992.31570121448,0.00463293994893061,True,True
L4,6,7,1.0,1.0,0.7,S4,流失召回强化策略,12,5,300,0.6,10037588.970241684,110154.84747379874,59510325.22158711,612416.2967091361,69547914.19182879,722571.1441829349,455576.49851949443,24102964.81187546,498054.36045994074,1545694.150368993,64357.59339352302,16.91504050725423,16.91504050725423,123041.29634455498,0.006483184175277409,True,True
L4,6,7,1.0,1.0,0.7,S5,高强度综合激励策略,16,7,420,0.7,10093591.118145987,111681.44319635516,59903372.0271783,644479.3509978052,69996963.14532429,756160.7941941604,788873.9182760085,23936911.42084574,919787.6748028705,2942119.0360550606,67760.80108935757,60.25240126678861,60.25240126678861,156630.94635578047,0.01114966907963467,True,True
L4,8,9,1.0,1.0,0.7,S0,无积分基准策略,0,0,0,0.0,8076026.680760961,85647.12111976856,64608213.4460877,685176.9689581486,72684240.12684867,770824.0900779172,0.0,25670731.271420408,0.0,0.0,0.0,0.0,0.0,1.1641532182693481e-10,0.0,True,True
L4,8,9,1.0,1.0,0.7,S1,低补贴保留策略,6,2,120,0.3,9906656.922155626,104090.3292158732,76653714.72400042,659284.3568872554,86560371.64615604,763374.6861031286,68463.38854754159,30456679.093438007,131449.4305509799,332175.3942605241,44167.12231572811,-33.470806821372754,-33.470806821372754,-7449.403974788496,0.0007840179953691452,True,True
L4,8,9,1.0,1.0,0.7,S2,均衡促活策略,10,4,220,0.5,10004916.25292711,108277.198504514,78221927.91781506,733769.4819654147,88226844.17074217,842046.6804699288,273175.976635938,30858833.487264797,319248.0489884422,958094.1770442661,53991.471032031404,-26.527090337140688,-26.527090337140688,71222.59039201168,0.0030670189560603523,True,True
L4,8,9,1.0,1.0,0.7,S3,私教转化强化策略,9,4,260,0.55,9998574.805257369,108552.48414130916,78370426.57475886,741270.9188920149,88369001.38001622,849823.403033324,323755.3396197923,30860342.164295882,348121.27877277165,1144209.2605779767,54679.668563278065,-25.36787594946166,-25.36787594946166,78999.31295540696,0.00362877834814634,True,True
L4,8,9,1.0,1.0,0.7,S4,流失召回强化策略,12,5,300,0.6,10037588.970241684,110154.84747379874,78896556.41063496,777612.437886402,88934145.38087665,887767.2853602008,455576.49851949443,30937704.570395388,520850.33530185337,1616440.6546914605,58982.476785239596,-13.68242626178371,-13.68242626178371,116943.1952822837,0.005071997299949961,True,True
L4,8,9,1.0,1.0,0.7,S5,高强度综合激励策略,16,7,420,0.7,10093591.118145987,111681.44319635516,79540961.30663185,828385.46154885,89634552.42477784,940066.9047452052,788873.9182760085,30865239.501819793,961886.4061046999,3076779.9824342616,63608.90732044194,13.735464534522382,13.735464534522382,169242.8146672881,0.008709657563185284,True,True
L4,12,13,1.0,1.0,0.7,S0,无积分基准策略,0,0,0,0.0,8076026.680760961,85647.12111976856,96912320.16913156,1027765.453437223,104988346.84989253,1113412.5745569915,0.0,37079945.16982948,0.0,0.0,0.0,0.0,0.0,2.3283064365386963e-10,0.0,True,True
L4,12,13,1.0,1.0,0.7,S1,低补贴保留策略,6,2,120,0.3,9906656.922155626,104090.3292158732,112401475.25244148,935189.9266945651,122308132.17459711,1039280.2559104383,68463.38854754159,43051166.94933458,135649.78827207978,342789.7839630377,28978.520678246117,-63.53321707513992,-63.53321707513992,-74132.31864655297,0.0005550451946944006,True,True
L4,12,13,1.0,1.0,0.7,S2,均衡促活策略,10,4,220,0.5,10004916.25292711,108277.198504514,115050365.22921933,1030343.940906288,125055281.48214644,1138621.139410802,273175.976635938,43837758.88393855,329449.3560758443,988709.2832278414,36330.57836131019,-44.80893187215971,-44.80893187215971,25208.564853810705,0.0021647319796041582,True,True
L4,12,13,1.0,1.0,0.7,S3,私教转化强化策略,9,4,260,0.55,9998574.805257369,108552.48414130916,115352861.31701443,1039863.2603821127,125351436.12227179,1148415.7445234219,323755.3396197923,43893772.02653236,359245.2060126488,1180771.5201638693,36558.059941179745,-43.09163522553075,-43.09163522553075,35003.169966430636,0.002559333744996854,True,True
L4,12,13,1.0,1.0,0.7,S4,流失召回强化策略,12,5,300,0.6,10037588.970241684,110154.84747379874,116463105.40724635,1081682.231088958,126500694.37748803,1191837.0785627568,455576.49851949443,44177217.65717014,537493.6765339337,1668092.677497294,43655.9095561725,-33.68373470292013,-33.68373470292013,78424.50400576554,0.0035677615074636904,True,True
L4,12,13,1.0,1.0,0.7,S5,高强度综合激励策略,16,7,420,0.7,10093591.118145987,111681.44319635516,117866154.72062634,1141941.7545547541,127959745.83877233,1253623.1977511093,788873.9182760085,44373124.084619634,992622.6898281656,3175095.939385716,50959.271318221756,-31.724147859329445,-31.724147859329445,140210.62319411803,0.006105203541694091,True,True
