gamma_kappa,epsilon_kappa,kappa情景,延续活跃系数,delay_window_count,总窗口数,可行策略数量,最优策略编号,最优策略名称,最优策略TOPSIS得分,S5排序,S5_TOPSIS得分,S4排序,S4_TOPSIS得分,S3排序,S2排序,S5是否第一,S4是否第一,S0平台利润,S1平台利润,S5平台利润,S5相对S0利润差,S5相对S1利润差,S5成本收入比,S5积分成本,S5总活跃度提升,S5续费概率提升,S5私教购买概率提升,S5私教收入提升,S4平台利润,S4相对S0利润差,S4相对S1利润差,S4续费概率提升,S4私教购买概率提升,S4私教收入提升,S3平台利润,S3私教购买概率提升,S3私教收入提升,S2平台利润
0.25,1e-09,"gamma=0.25, epsilon=1e-09",0.35,1,2,5,S5,高强度综合激励策略,0.5815225175100855,1,0.5815225175100855,2,0.5444110830091791,3,4,True,False,5704606.949204534,6254250.768871706,6027203.698754243,322596.74954970833,-227047.07011746336,0.035056464744362775,671949.9058454214,243154.13251667432,50548.92442581661,24.974686994260185,19155.588690562,6265210.490831383,560603.5416268483,10959.721959676594,48084.32063455632,-5.563024384079378,7128.485396313481,6275729.509521122,-23.155039832044206,-7510.784888465016,6332835.7223981
0.25,1e-09,"gamma=0.25, epsilon=1e-09",0.35,2,3,5,S4,流失召回强化策略,0.6141647736915156,4,0.5170336026759674,1,0.6141647736915156,3,2,False,True,8556910.4238068,9294750.89762488,9314829.815935109,757919.3921283092,20078.918310228735,0.02351756411145705,671949.9058454214,265218.1186154096,46465.915890082724,-18.752418404017206,13269.16560436113,9493645.416962836,936734.9931560364,198894.51933795586,40612.83647130903,-30.782445422215044,-2303.281062284281,9443490.875180501,-36.2199136352086,-18584.164602776436,9502773.77834572
0.25,1e-09,"gamma=0.25, epsilon=1e-09",0.35,3,4,5,S5,高强度综合激励策略,0.6522572576432981,1,0.6522572576432981,2,0.6271753286831705,3,4,True,False,11409213.898409069,12292610.912095454,12530964.54433503,1121750.6459259614,238353.63223957643,0.017789657694646254,671949.9058454214,272940.5137499669,39140.2580076704,-34.01076238473266,2711.4766112148063,12656508.853074752,1247294.9546656832,363897.9409792982,33748.32116899134,-37.781787676734474,-13964.113504870387,12525262.911225997,-46.375378728614834,-32760.60885921796,12591080.214307755
0.25,1e-09,"gamma=0.25, epsilon=1e-09",0.35,4,5,5,S5,高强度综合激励策略,0.6594314693455907,1,0.6594314693455907,2,0.4547750635326067,3,4,True,False,14261517.373011336,15270483.201963427,15675865.786052395,1414348.413041059,405382.5840889681,0.014367826147687645,671949.9058454214,275643.352047062,31952.14993978586,-43.81254953778172,-10784.437708855141,15748953.946111692,1487436.5731003564,478470.74414826557,26447.945335600547,-58.74839195705057,-31795.133529253944,15546439.57599126,-52.67663451501699,-48702.41669958335,15614872.449716154
0.25,1e-09,"gamma=0.25, epsilon=1e-09",0.35,6,7,5,S5,高强度综合激励策略,0.6232571422956369,1,0.6232571422956369,2,0.5867676625249999,4,3,True,False,19966124.32221587,21162135.881486215,21741625.82678478,1775501.5045689084,579489.9452985637,0.010479883515850613,671949.9058454214,276920.4431424395,17555.44450971041,-53.944713799881676,-44553.843005838105,21758636.831457205,1792512.509241335,596500.9499709904,15666.293145177282,-54.46067672008602,-64571.76046508516,21510096.885397322,-55.81005801578863,-82125.5598287108,21582910.73227876
0.25,1e-09,"gamma=0.25, epsilon=1e-09",0.35,8,9,5,S5,高强度综合激励策略,0.6445727740795603,1,0.6445727740795603,2,0.5789835463943603,4,3,True,False,25670731.271420408,26954281.171177365,27697839.941745248,2027108.6703248397,743558.7705678828,0.008279780158815529,671949.9058454214,277076.8868016232,13327.979632396953,-55.89254466408468,-77945.89633837866,27689008.351584964,2018277.0801645555,734727.1804075986,11859.586482457682,-56.98656979026497,-98565.31863407907,27384501.06313813,-57.93537089719774,-116741.02853883896,27466652.951181803
0.25,1e-09,"gamma=0.25, epsilon=1e-09",0.35,12,13,5,S5,高强度综合激励策略,0.5234364364231661,1,0.5234364364231661,5,0.4352595420458151,2,4,True,False,37079945.16982948,38379654.56262881,39335527.62473059,2255582.4549011067,955873.0621017739,0.0058713803961661275,671949.9058454214,277098.3987825339,3910.559124166581,-58.73568429223281,-148229.75996144442,39280689.56258565,2200744.3927561715,901034.9999568388,2930.7571089602243,-58.78701005599027,-169076.87840438704,38894065.652195334,-58.47664838840372,-187432.59915885818,38987455.8226886
0.25,0.0001,"gamma=0.25, epsilon=0.0001",0.35,1,2,5,S5,高强度综合激励策略,0.5806705165551619,1,0.5806705165551619,2,0.5525084514295736,3,4,True,False,5704606.949204534,5901745.851040603,5682453.544565212,-22153.40463932231,-219292.30647539068,0.03696436002622415,671949.2151970809,243154.13251667432,31393.908216205968,-27.125328404992,-11251.457631491125,5909380.254428721,204773.30522418674,7634.403388118371,28012.868071096957,-36.52358693678585,-17106.84999953874,5911704.334008465,-43.46838110576304,-22187.07661191019,5969805.056143281
0.25,0.0001,"gamma=0.25, epsilon=0.0001",0.35,2,3,5,S4,流失召回强化策略,0.5981041817812961,3,0.5138896518358829,1,0.5981041817812961,4,2,False,True,8556910.4238068,8798617.556452911,8782405.360197721,225494.93639092147,-16212.196255190298,0.02484489470423402,671949.2151970809,265218.1186154096,25988.691172149756,-41.07539847217314,-23668.974604179937,8953385.327303847,396474.9034970477,154767.77085093595,20479.063748309596,-50.046204651473765,-32250.47059414233,8898638.246088821,-51.41025010565139,-37744.595374743716,8960308.565213386
0.25,0.0001,"gamma=0.25, epsilon=0.0001",0.35,3,4,5,S5,高强度综合激励策略,0.6361643018205931,1,0.6361643018205931,2,0.5572343628042697,3,4,True,False,11409213.898409069,11668765.122970583,11818564.426910112,409350.5285010431,149799.30393952876,0.018806055161495246,671949.2151970809,272940.5137499669,19438.667902321708,-52.1621681487012,-39561.86070851685,11937272.028777374,528058.1303683054,268506.90580679104,14115.985542524872,-55.7461313246652,-49252.03673112276,11817394.287788117,-52.70194845295068,-53767.950607932464,11880391.20122837
0.25,0.0001,"gamma=0.25, epsilon=0.0001",0.35,4,5,5,S5,高强度综合激励策略,0.7354255065903399,1,0.7354255065903399,2,0.32037053618046346,4,5,True,False,14261517.373011336,14527058.958930846,14778023.102360135,516505.7293487992,250964.14342928864,0.01520391284274627,671949.2151970809,275643.352047062,11557.960085293189,-57.25232406902085,-57024.87463179638,14859131.970633622,597614.5976222865,332073.01170277596,7594.981973740622,-59.919525371621944,-67379.09698286571,14699790.93532181,-59.59526221232434,-71734.76822797448,14763194.131605988
0.25,0.0001,"gamma=0.25, epsilon=0.0001",0.35,6,7,5,S5,高强度综合激励策略,0.5079540022425283,1,0.5079540022425283,3,0.48077737570484547,5,4,True,False,19966124.32221587,20224374.07591669,20553955.33128674,587831.0090708695,329581.25537005067,0.011066759123233572,671949.2151970809,276920.4431424395,2798.0486014158605,-59.40432682824122,-93053.60276463546,20599560.6733212,633436.3511053286,375186.5974045098,1641.0077967030359,-59.09547369959604,-103235.31310679473,20422385.681214426,-59.10930019529457,-107599.27683459932,20486309.01029677
0.25,0.0001,"gamma=0.25, epsilon=0.0001",0.35,8,9,5,S5,高强度综合激励策略,0.6287640580340008,1,0.6287640580340008,2,0.6200138862423731,5,3,True,False,25670731.271420408,25889063.26569404,26272585.80261513,601854.5311947204,383522.53692108765,0.008717992575130505,671949.2151970809,277076.8868016232,1083.6005463826361,-58.64717534669173,-128545.28349526855,26306027.37935217,635296.1079317629,416964.11365813017,456.61204985561676,-58.32299019602227,-138572.82625887124,26107175.449250758,-58.47007263527486,-142963.03076895594,26176715.10391418
0.25,0.0001,"gamma=0.25, epsilon=0.0001",0.35,12,13,5,S5,高强度综合激励策略,0.5877366023562031,1,0.5877366023562031,2,0.5114511716588624,3,4,True,False,37079945.16982948,37219092.4474838,37615973.418885425,536028.2490559444,396880.9714016244,0.006135137188194839,671949.2151970809,277098.3987825339,-1230.88951101842,-57.982267356181296,-198788.17648587225,37643641.60259113,563696.4327616468,424549.1551073268,-1231.938671465103,-57.89922113168263,-208700.99066309386,37436981.23957674,-57.88968292985759,-213096.4309060356,37506408.79623084
0.25,0.001,"gamma=0.25, epsilon=0.001",0.35,1,2,5,S5,高强度综合激励策略,0.577892197271014,1,0.577892197271014,2,0.5572012877461026,3,4,True,False,5704606.949204534,5861428.770402742,5588154.59444898,-116452.35475555435,-273274.1759537617,0.03752070012466531,671944.5954931019,243154.13251667432,26848.026691900333,-29.55733188568295,-12819.605507944478,5826877.442066443,122270.49286190886,-34551.328336298466,24301.981477722995,-37.393224577438374,-18847.673071398283,5852837.034495189,-44.49986216367529,-22816.743880864058,5907674.636893889
0.25,0.001,"gamma=0.25, epsilon=0.001",0.35,2,3,5,S5,高强度综合激励策略,0.5709614992249479,1,0.5709614992249479,2,0.5300928706638466,4,3,True,False,8556910.4238068,8751309.975879211,8659694.793441474,102784.36963467486,-91615.18243773654,0.025171248559950985,671944.5954931019,265218.1186154096,22900.497075187617,-41.254661257205925,-25253.29974197637,8843211.282014389,286300.858207589,91901.30613517761,17478.357699920864,-50.91548382382245,-34226.950525142514,8816372.314796014,-52.2343702823665,-38623.96462911341,8874589.80627069
0.25,0.001,"gamma=0.25, epsilon=0.001",0.35,3,4,5,S5,高强度综合激励策略,0.6231209569033599,1,0.6231209569033599,2,0.5619929707896602,3,4,True,False,11409213.898409069,11618436.331971396,11669595.867767017,260381.96935794875,51159.535795621574,0.01903281015699835,671944.5954931019,272940.5137499669,16611.79330067073,-53.85162196785557,-41622.16570664442,11803270.485525269,394056.5871162005,184834.1535538733,11567.643392770156,-56.63158146112229,-51454.17574313143,11722463.42215547,-53.81819546619604,-54952.68539520784,11780475.054668942
0.25,0.001,"gamma=0.25, epsilon=0.001",0.35,4,5,5,S5,高强度综合激励策略,0.6925498068501124,1,0.6925498068501124,2,0.37437226373202825,4,5,True,False,14261517.373011336,14475598.084718177,14607952.264682846,346434.8916715104,132354.17996466905,0.015372934430004103,671944.5954931019,275643.352047062,9307.221276637081,-57.2896011468563,-59072.652140347986,14710966.566777457,449449.1937661208,235368.48205927946,6101.930682203391,-59.8569287323639,-69528.14432417287,14599130.699640967,-59.35285394713047,-72849.93862728792,14657340.289195867
0.25,0.001,"gamma=0.25, epsilon=0.001",0.35,6,7,5,S5,高强度综合激励策略,0.5248666509242781,1,0.5248666509242781,2,0.5155214862042133,5,3,True,False,19966124.32221587,20172350.29700824,20369634.777362578,403510.4551467076,197284.48035433888,0.01116356294971033,671944.5954931019,276920.4431424395,2395.323772080003,-59.390493187443084,-95008.9638634678,20443038.577830873,476914.2556150034,270688.2808226347,1403.660384371943,-58.91385928761949,-105342.99419135664,20318904.02036758,-58.91382883894787,-108567.05488798785,20377381.75223252
0.25,0.001,"gamma=0.25, epsilon=0.001",0.35,8,9,5,S5,高强度综合激励策略,0.6402599618585045,1,0.6402599618585045,2,0.6133584455889656,5,3,True,False,25670731.271420408,25837110.108252924,26086002.84736782,415271.57594741136,248892.73911489546,0.0087786809742165,671944.5954931019,277076.8868016232,1026.5008619260207,-58.37815331274423,-130353.61921076011,26148288.06797789,477556.79655748233,311177.95972496644,418.4632185140979,-58.24105989296392,-140565.3556584015,26003040.26054827,-58.19924979188384,-143756.8547501295,26067076.69530775
0.25,0.001,"gamma=0.25, epsilon=0.001",0.35,12,13,5,S5,高强度综合激励策略,0.5793541505256826,1,0.5793541505256826,2,0.5032404420292412,3,4,True,False,37079945.16982948,37167142.222323455,37429265.14898683,349319.97915735096,262122.9266633764,0.006165137342786366,671944.5954931019,277098.3987825339,-1230.8957052759176,-57.92351302008262,-200481.0179358581,37485741.39265443,405796.22282494605,318599.1703309715,-1231.9404993941396,-57.90019826003445,-210647.85135129478,37332958.06963068,-57.89351759207991,-213838.35501127434,37396855.205264226
0.25,0.01,"gamma=0.25, epsilon=0.01",0.35,1,2,5,S5,高强度综合激励策略,0.5884733083506266,1,0.5884733083506266,2,0.5482499427114726,3,4,True,False,5704606.949204534,5821607.790324727,5487662.210486493,-216944.73871804122,-333945.579838234,0.03813029521859722,671884.3588059495,243154.13251667432,21818.023705965985,-34.23276184347871,-16983.093806435238,5732854.847145919,28247.897941384465,-88752.94317880832,19692.325218882608,-42.398761825217186,-21974.32200875599,5778044.550973374,-48.22919138979038,-25915.365231030853,5831032.956137038
0.25,0.01,"gamma=0.25, epsilon=0.01",0.35,2,3,5,S5,高强度综合激励策略,0.5896648855286094,1,0.5896648855286094,2,0.49676232588618896,4,3,True,False,8556910.4238068,8703154.488642188,8519410.966386348,-37499.45742045157,-183743.52225583978,0.025553580853818158,671884.3588059495,265218.1186154096,18756.73310673554,-45.77183064143904,-30736.402016737324,8716157.590443756,159247.16663695686,13003.101801568642,14086.548252115612,-53.02927373850577,-37960.766208482935,8722636.768914599,-54.15816202824675,-42182.16041500008,8778082.57975074
0.25,0.01,"gamma=0.25, epsilon=0.01",0.35,3,4,5,S5,高强度综合激励策略,0.5593063958632531,1,0.5593063958632531,2,0.5144588466094051,3,4,True,False,11409213.898409069,11567062.806772929,11503464.791456394,94250.89304732531,-63598.01531653479,0.01929106149375455,671884.3588059495,272940.5137499669,14016.85136270109,-57.125275982909976,-48030.90761248872,11656943.435816538,247729.537407469,89880.6290436089,9624.302943926861,-58.537397638446066,-55639.50591590756,11618460.241428701,-55.63476330070917,-58977.62932800251,11673479.394221075
0.25,0.01,"gamma=0.25, epsilon=0.01",0.35,4,5,5,S4,流失召回强化策略,0.5660323936811436,2,0.5422518735367542,1,0.5660323936811436,3,4,False,True,14261517.373011336,14423980.40745723,14426870.839605493,165353.46659415774,2890.4321482628584,0.015556080691793527,671884.3588059495,275643.352047062,7802.605636731812,-58.05262097472493,-65584.65829987859,14554754.914995762,293237.54198442586,130774.50753853098,5119.43637934248,-59.18492390945465,-73497.11708489992,14490050.250005098,-58.53996095347707,-76623.53423844062,14545114.152718117
0.25,0.01,"gamma=0.25, epsilon=0.01",0.35,6,7,5,S2,均衡促活策略,0.5413424318370043,3,0.5006082826212812,2,0.5366956788069714,4,1,False,False,19966124.32221587,20120827.110365555,20178819.1240699,212694.8018540293,57992.01370434463,0.011264796787843387,671884.3588059495,276920.4431424395,2170.404633634736,-59.41987062326934,-101362.0260977752,20281855.667563558,315731.3453476876,161028.55719800293,1330.7486863021286,-58.9262928415752,-109278.59138954751,20209041.145393085,-58.80083179987285,-112225.37894757063,20264030.958541706
0.25,0.01,"gamma=0.25, epsilon=0.01",0.35,8,9,5,S4,流失召回强化策略,0.6411930407578347,2,0.6302394849687757,1,0.6411930407578347,5,3,False,True,25670731.271420408,25785599.147873722,25895078.18101237,224346.90959196165,109479.03313864768,0.008841026006435881,671884.3588059495,277076.8868016232,1034.4765973171288,-58.33979073523188,-136692.13449582353,25986955.29906119,316224.0276407823,201356.15118746832,427.2723411787189,-58.00379036712731,-144435.68736052793,25893251.299182214,-58.13334291789423,-147387.2634205527,25953826.66655852
0.25,0.01,"gamma=0.25, epsilon=0.01",0.35,12,13,5,S5,高强度综合激励策略,0.5448347277648119,1,0.5448347277648119,2,0.4698139352814248,3,5,True,False,37079945.16982948,37115637.24551244,37238418.419168636,158473.24933915585,122781.1736561954,0.006195642044747801,671884.3588059495,277098.3987825339,-1230.9091274787422,-57.90827435851914,-206776.07194730674,37324417.286532715,244472.1167032346,208780.04102027416,-1231.952909227917,-57.89690986029229,-214488.93562063784,37223186.647883825,-57.89309281285268,-217409.4786838342,37283625.10674509
0.25,0.05,"gamma=0.25, epsilon=0.05",0.35,1,2,5,S5,高强度综合激励策略,0.6309181315042547,1,0.6309181315042547,2,0.5713546567318271,3,5,True,False,5704606.949204534,5797751.245158047,5408756.455802083,-295850.4934024513,-388994.7893559644,0.03860907450501417,671556.8166530313,243154.13251667432,18256.95601586124,-41.966641311597215,-21268.538578968233,5663525.895415226,-41081.053789308295,-134225.34974282142,16744.272015260234,-46.658602341573385,-25550.24567975421,5731201.226052471,-51.44589771644376,-28018.94756754319,5782541.023229307
0.25,0.05,"gamma=0.25, epsilon=0.05",0.35,2,3,5,S5,高强度综合激励策略,0.6089640666706787,1,0.6089640666706787,3,0.4388654773865751,4,2,True,False,8556910.4238068,8676927.483089795,8416898.769922782,-140011.65388401784,-260028.7131670136,0.025830533917176355,671556.8166530313,265218.1186154096,16423.74088816847,-49.63145669445377,-36097.655150997656,8629675.81365763,72765.38985083066,-47251.6694321651,12387.269686578295,-56.19017485567053,-42377.0018636499,8665197.145125985,-56.99422440256061,-45097.874595624686,8719185.995494697
0.25,0.05,"gamma=0.25, epsilon=0.05",0.35,3,4,5,S5,高强度综合激励策略,0.5454304835681005,1,0.5454304835681005,2,0.5322754728034014,3,4,True,False,11409213.898409069,11540878.787463555,11388002.999094352,-21210.89931471646,-152875.788369203,0.019467002507490803,671556.8166530313,272940.5137499669,12714.423674219957,-57.934609191762824,-53479.09944358922,11561034.3416182,151820.44320913218,20155.55415464565,8659.310487292956,-56.5493474225856,-59449.32649147074,11556648.52023746,-53.905680434988646,-61352.495094018814,11609887.782022685
0.25,0.05,"gamma=0.25, epsilon=0.05",0.35,4,5,5,S5,高强度综合激励策略,0.6477651127981279,1,0.6477651127981279,3,0.38825599715654224,2,5,True,False,14261517.373011336,14397811.202571295,14304564.530213479,43047.15720214322,-93246.67235781625,0.015675926886202375,671556.8166530313,275643.352047062,7104.501566543787,-56.83710857954094,-70613.93739173468,14455639.362264752,194121.98925341666,57828.159693457186,4793.491632018566,-59.40527791885763,-77338.34945502592,14428201.52371894,-58.36510584172391,-78945.00275575957,14481454.844906477
0.25,0.05,"gamma=0.25, epsilon=0.05",0.35,6,7,5,S2,均衡促活策略,0.5622714436125882,4,0.47284120528003765,2,0.5502886438346436,3,1,False,False,19966124.32221587,20094652.24726255,20055487.84271533,89363.5204994604,-39164.40454721823,0.01132653524175507,671556.8166530313,276920.4431424395,2179.6368221691546,-59.44209239951676,-106379.85830864537,20182815.072611306,216690.75039543584,88162.82534875721,1339.1014394633653,-58.68591514390229,-113081.08146460325,20147233.834038943,-58.761127383239305,-114566.33402038936,20200447.763432343
0.25,0.05,"gamma=0.25, epsilon=0.05",0.35,8,9,5,S4,流失召回强化策略,0.6448271770311526,2,0.5684105445782599,1,0.6448271770311526,5,3,False,True,25670731.271420408,25759431.490742397,25771772.274960216,101041.0035398081,12340.784217819571,0.008878064627417323,671556.8166530313,277076.8868016232,1034.482294054878,-58.308769981237624,-141630.22660591453,25887903.244211882,217171.9727914743,128471.75346948579,427.3387123832033,-58.128029178346814,-148277.96186489856,25831453.652618162,-58.10548715712072,-149697.41615274362,25890237.118525017
0.25,0.05,"gamma=0.25, epsilon=0.05",0.35,12,13,5,S4,流失召回强化策略,0.5512214335712863,2,0.5209936992229536,1,0.5512214335712863,4,3,False,True,37079945.16982948,37089473.942033514,37115128.98296213,35183.81313265115,25655.04092861712,0.006212896319860333,671556.8166530313,277098.3987825339,-1230.9078792880994,-57.894879939365055,-211660.25167432707,37225383.5495349,145438.37970542163,135909.6075013876,-1231.9529092279192,-57.878931987501765,-218269.3345846231,37161398.36098767,-57.87676411222646,-219688.1207758796,37220043.00376989
0.5,1e-09,"gamma=0.5, epsilon=1e-09",0.35,1,2,5,S4,流失召回强化策略,0.5689761734440418,2,0.5601095983293118,1,0.5689761734440418,3,4,False,True,5704606.949204534,6492873.500422528,6351644.233456555,647037.2842520205,-141229.2669659732,0.03343393574611152,671975.0792489175,243154.13251667432,68068.13130559862,76.50359152558023,46473.07880983609,6594492.5355971595,889885.5863926252,101619.03517463151,65518.9373333008,45.49552518412749,35677.72934096068,6606853.053940229,12.488232345363148,16818.793214671954,6666323.974574778
0.5,1e-09,"gamma=0.5, epsilon=1e-09",0.35,2,3,5,S5,高强度综合激励策略,0.6054038457832408,1,0.6054038457832408,2,0.5758262537459821,4,3,True,False,8556910.4238068,9620273.201086592,9801347.176642165,1244436.752835365,181073.97555557266,0.02242293244377333,671975.0792489175,265218.1186154096,63543.253394779225,27.856283961853908,54061.96529272929,9981242.586766632,1424332.1629598327,360969.38568004034,57417.27952073644,5.564607468250102,36626.488362878765,9900200.498376349,-12.472740851936159,12129.312967004866,9966126.658844406
0.5,1e-09,"gamma=0.5, epsilon=1e-09",0.35,3,4,5,S5,高强度综合激励策略,0.6424739199706311,1,0.6424739199706311,2,0.6069599731415563,4,5,True,False,11409213.898409069,12713619.53739814,13161923.449603463,1752709.551194394,448303.9122053217,0.01697700262192319,671975.0792489175,272940.5137499669,54606.9918709906,-11.053150922849165,49879.07742689247,13268311.780719953,1859097.882310884,554692.2433218118,47100.29649085121,-15.189323435823184,30791.484875990427,13069892.245250331,-36.5027336109045,-105.74009539629333,13143907.848620154
0.5,1e-09,"gamma=0.5, epsilon=1e-09",0.35,4,5,5,S5,高强度综合激励策略,0.647166907825186,1,0.647166907825186,2,0.49200362464185865,3,4,True,False,14261517.373011336,15782606.425595362,16416153.470610684,2154636.097599348,633547.045015322,0.013744526819423262,671975.0792489175,275643.352047062,43719.30562931706,-23.578331144740773,41822.90433396038,16446521.128662115,2185003.755650779,663914.7030667532,35766.12138759521,-46.47807825852647,15875.449909143616,16172917.47536735,-14.277264366719153,-5207.766096591309,16249492.306643985
0.5,1e-09,"gamma=0.5, epsilon=1e-09",0.35,6,7,5,S5,高强度综合激励策略,0.6465493528917048,1,0.6465493528917048,2,0.5060612096485976,3,4,True,False,19966124.32221587,21846042.1360256,22638004.206102338,2671879.8838864677,791962.0700767376,0.010076244203777411,671975.0792489175,276920.4431424395,25751.180320553456,-4.07074691703416,24182.850214745267,22641675.228141785,2675550.9059259146,795633.0921161845,25592.105390588513,-31.097131386748437,1963.4567584092729,22321202.77515948,-25.256314913586415,-23443.84040715813,22399093.228864387
0.5,1e-09,"gamma=0.5, epsilon=1e-09",0.35,8,9,5,S5,高强度综合激励策略,0.6367141085600683,1,0.6367141085600683,2,0.5805614604375223,4,3,True,False,25670731.271420408,27814886.82657036,28774456.947552085,3103725.676131677,959570.1209817231,0.007976608429444988,671975.0792489175,277076.8868016232,22896.57117393964,-36.29065878084704,2988.032683807076,28747390.66027508,3076659.3888546713,932503.8337047175,21375.46080466102,-41.443847538795445,-22253.402783044265,28362773.00968331,-42.13656848447407,-47600.535263003316,28447942.904893447
0.5,1e-09,"gamma=0.5, epsilon=1e-09",0.35,12,13,5,S5,高强度综合激励策略,0.6442570331616785,1,0.6442570331616785,2,0.5898836126916726,4,3,True,False,37079945.16982948,39473378.92157806,40756122.061969586,3676176.8921401054,1282743.1403915286,0.005669848128737722,671975.0792489175,277098.3987825339,13451.75959302646,-52.52645305255841,-54270.68221258791,40691133.467992745,3611188.298163265,1217754.5464146882,12404.645309427919,-54.37611908529091,-82663.8495115349,40203543.44881103,-56.92635307517042,-110226.42679574527,40299738.784344025
0.5,0.0001,"gamma=0.5, epsilon=0.0001",0.35,1,2,5,S4,流失召回强化策略,0.6142093601170284,3,0.518100769429374,1,0.6142093601170284,4,2,False,True,5704606.949204534,6076085.139255542,6065872.40652959,361265.45732505526,-10212.732725952752,0.03485637894240431,671975.0484985446,243154.13251667432,51653.50003411105,22.831749501045152,20523.05838593049,6287220.041511273,582613.0923067387,211134.9022557307,47718.23821856662,-7.613368559170784,6681.495631130412,6236684.555093022,-26.58435271466952,-9183.112662587373,6305939.609650521
0.5,0.0001,"gamma=0.5, epsilon=0.0001",0.35,2,3,5,S5,高强度综合激励策略,0.6243477683553424,1,0.6243477683553424,2,0.5438617128393702,4,3,True,False,8556910.4238068,9002881.968961053,9340481.024275089,783570.6004682891,337599.0553140361,0.023458166561777887,671975.0484985446,265218.1186154096,44661.80889638742,-21.756137981843597,13672.050563103025,9478375.717310937,921465.2935041375,475493.7483498845,36275.22528477226,-39.69545712212137,-5555.002020476211,9314682.293722546,-43.90130860247841,-22709.79005132566,9395535.141969064
0.5,0.0001,"gamma=0.5, epsilon=0.0001",0.35,3,4,5,S5,高强度综合激励策略,0.6423327097548899,1,0.6423327097548899,2,0.5560535820932289,3,4,True,False,11409213.898409069,11883232.435766332,12499401.501528967,1090187.6031198986,616169.0657626353,0.01783305247575258,671975.0484985446,272940.5137499669,32612.86887419743,-44.44218290236571,-58.476934676698875,12557813.288840475,1148599.390431406,674580.8530741427,24398.62279816145,-51.67763486588743,-21403.889057877997,12281075.193317173,-49.1174444074384,-37783.14028577745,12369073.46774064
0.5,0.0001,"gamma=0.5, epsilon=0.0001",0.35,4,5,5,S5,高强度综合激励策略,0.7187641957652053,1,0.7187641957652053,3,0.3624394608403915,2,5,True,False,14261517.373011336,14744719.376734471,15536136.440075995,1274619.0670646597,791417.0633415245,0.014492316035200995,671975.0484985446,275643.352047062,19896.839116595827,-54.27882950936005,-16716.911730983527,15531194.482802784,1269677.1097914483,786475.1060683131,13120.218824556488,-59.62390150706661,-39562.41103054205,15184462.906290658,-57.24627568207793,-55114.397926641745,15274961.50029249
0.5,0.0001,"gamma=0.5, epsilon=0.0001",0.35,6,7,5,S4,流失召回强化策略,0.5522907552672047,2,0.5495232266286652,1,0.5522907552672047,5,3,False,True,19966124.32221587,20442714.53774052,21362622.32050587,1396497.9982899986,919907.7827653475,0.010660498240713705,671975.0484985446,276920.4431424395,4215.504287815703,-59.43152708031899,-52687.70068423147,21300143.285381578,1334018.963165708,857428.7476410568,2304.435772060947,-58.77460639367526,-75318.69449781743,20914652.77888326,-59.20095068329814,-91021.07448099426,21006431.16034443
0.5,0.0001,"gamma=0.5, epsilon=0.0001",0.35,8,9,5,S5,高强度综合激励策略,0.6161059922173131,1,0.6161059922173131,2,0.5975522508970841,5,4,True,False,25670731.271420408,26107644.030593086,27085954.916222617,1415223.644802209,978310.885629531,0.008462533509347534,671975.0484985446,277076.8868016232,1153.168144905529,-58.66644459573911,-88157.37426120846,27008754.160163965,1338022.888743557,901110.129570879,489.7388296279689,-58.38500906720845,-110666.06317064422,26599386.62916568,-58.53235474969981,-126388.45440415561,26697191.458036464
0.5,0.0001,"gamma=0.5, epsilon=0.0001",0.35,12,13,5,S5,高强度综合激励策略,0.5837026001120106,1,0.5837026001120106,2,0.4989878561936216,3,4,True,False,37079945.16982948,37437662.1151451,38429851.57532711,1349906.405497633,992189.4601820111,0.006007505085548926,671975.0484985446,277098.3987825339,-1230.9704206555898,-58.07356517297102,-158458.15164491103,38346589.46055105,1266644.290721573,908927.3454059511,-1231.9316517948075,-57.953019765549364,-180854.7238855546,37929093.718879215,-57.9528866913761,-196579.68818692293,38026988.92185595
0.5,0.001,"gamma=0.5, epsilon=0.001",0.35,1,2,5,S4,流失召回强化策略,0.6061739259482853,2,0.5417607063769824,1,0.6061739259482853,4,3,False,True,5704606.949204534,5946150.642500067,5906087.968379376,201481.01917484216,-40062.67412069067,0.03570619274711618,671974.8327916213,243154.13251667432,42184.44267419498,-5.199316442120775,4368.9532413765555,6111342.864197969,406735.91499343514,165192.2216979023,37388.643982420996,-21.10583735207501,-5549.628186458256,6039364.705628984,-32.15624246057283,-14137.650774715876,6103888.958020828
0.5,0.001,"gamma=0.5, epsilon=0.001",0.35,2,3,5,S5,高强度综合激励策略,0.6244738777479127,1,0.6244738777479127,2,0.5419461007115303,4,3,True,False,8556910.4238068,8848259.763500337,9080046.600505298,523136.1766984984,231786.83700496145,0.024086021962033913,671974.8327916213,265218.1186154096,33714.458784454,-29.271859511554325,-4687.951873376471,9199958.108941438,643047.6851346381,351698.3454411011,25055.011512723988,-43.417356324068166,-18765.683143201022,9044692.30083017,-46.28589545361258,-28275.092936057044,9115040.353247548
0.5,0.001,"gamma=0.5, epsilon=0.001",0.35,3,4,5,S5,高强度综合激励策略,0.6523275292813014,1,0.6523275292813014,2,0.5521707958122742,3,4,True,False,11409213.898409069,11720396.416019501,12148572.848279344,739358.9498702753,428176.43225984275,0.018321746333742648,671974.8327916213,272940.5137499669,22720.742587008663,-46.74602587801913,-19072.374787175213,12202389.612031085,793175.7136220168,481993.19601158425,15962.745868733553,-53.12764020440318,-35076.772692238796,11969140.495386567,-50.45769432976352,-43738.89175187069,12040148.184207289
0.5,0.001,"gamma=0.5, epsilon=0.001",0.35,4,5,5,S5,高强度综合激励策略,0.6923840622405055,1,0.6923840622405055,2,0.4414750238135057,3,5,True,False,14261517.373011336,14578662.205949342,15116995.77263799,855478.3996266536,538333.5666886475,0.014877431679316577,671974.8327916213,275643.352047062,12399.362607865412,-54.8636083569101,-35882.92760736187,15127324.946331568,865807.5733202323,548662.7403822262,7865.279988249289,-59.280826905110715,-53090.27230287215,14853020.198515013,-59.09214304399446,-61603.13983200473,14924216.45607868
0.5,0.001,"gamma=0.5, epsilon=0.001",0.35,6,7,5,S5,高强度综合激励策略,0.5624351821617185,1,0.5624351821617185,2,0.5479732102533285,4,3,True,False,19966124.32221587,20275380.72831055,20894826.518313967,928702.1960980967,619445.7900034152,0.010891920425362554,671974.8327916213,276920.4431424395,2790.866048831499,-59.58506095796392,-71969.38099035574,20867659.747940708,901535.4257248379,592279.0196301565,1618.164370063306,-58.744563298738825,-88911.83346926526,20575532.047755267,-58.870835881967764,-97326.96475424059,20646793.05339365
0.5,0.001,"gamma=0.5, epsilon=0.001",0.35,8,9,5,S5,高强度综合激励策略,0.6493598902840859,1,0.6493598902840859,2,0.6211843331655682,5,3,True,False,25670731.271420408,25940145.88678548,26612546.513350207,941815.2419297993,672400.6265647262,0.008609480853699303,671974.8327916213,277076.8868016232,1048.6222725842217,-58.39673016655259,-107305.92919665668,26572812.216914386,902080.9454939775,632666.3301289044,416.3588511753626,-58.20517589713623,-124128.9773296914,26259645.1888991,-58.250182396517125,-132540.0963318603,26336392.60141175
0.5,0.001,"gamma=0.5, epsilon=0.001",0.35,12,13,5,S5,高强度综合激励策略,0.5907331063884168,1,0.5907331063884168,2,0.5043332511303626,3,4,True,False,37079945.16982948,37270168.510000795,37955768.61011115,875823.4402816668,685600.100110352,0.006081292678545586,671974.8327916213,277098.3987825339,-1230.8936378369433,-58.041299605449005,-177499.42566501477,37910185.32657459,830240.156745106,640016.8165737912,-1231.9407838211462,-57.926808946429894,-194254.87278624706,37589563.195533864,-57.920489829468615,-202623.86853355484,37666168.975925766
0.5,0.01,"gamma=0.5, epsilon=0.01",0.35,1,2,5,S5,高强度综合激励策略,0.5825275514236129,1,0.5825275514236129,2,0.5451281275891984,3,4,True,False,5704606.949204534,5855664.4091841765,5664839.445096869,-39767.50410766527,-190824.96408730745,0.03706699572150654,671974.4210044253,243154.13251667432,29391.113477324365,-21.108744797987228,-7053.853794881172,5874106.221708604,169499.27250406984,18441.81252442766,25335.542799198636,-34.25645790035413,-15636.370623047289,5861991.774882149,-41.33472124252789,-20133.212236234627,5918839.0602657525
0.5,0.01,"gamma=0.5, epsilon=0.01",0.35,2,3,5,S4,流失召回强化策略,0.6214048278732092,3,0.49738234358800626,1,0.6214048278732092,4,2,False,True,8556910.4238068,8743009.401294248,8738537.190949867,181626.76714306697,-4472.21034438163,0.02496079743712162,671974.4210044253,265218.1186154096,23041.442916918622,-39.20302304685257,-18829.39868709774,8885786.503072783,328876.0792659838,142777.10177853517,16959.878504896194,-49.513185357147556,-30578.71951938473,8820241.04715254,-50.726431629133955,-35508.16261516948,8880011.367080888
0.5,0.01,"gamma=0.5, epsilon=0.01",0.35,3,4,5,S5,高强度综合激励策略,0.6582178879054398,1,0.6582178879054398,2,0.5623428845233905,3,4,True,False,11409213.898409069,11607649.948554013,11743087.005790422,333873.10738135315,135437.05723640881,0.018920579322295357,671974.4210044253,272940.5137499669,16030.725461449643,-53.48145078972811,-35100.18853164656,11839044.157168409,429830.2587593403,231394.20861439593,10853.835008351574,-55.88743074324981,-47575.87482966139,11722454.831483208,-53.728352428170616,-51777.58854380908,11781584.771119047
0.5,0.01,"gamma=0.5, epsilon=0.01",0.35,4,5,5,S5,高强度综合激励策略,0.7198808382365632,1,0.7198808382365632,2,0.3473203843417452,5,3,True,False,14261517.373011336,14464581.344047787,14675678.112032263,414160.7390209269,211096.76798447594,0.015305491777117054,671974.4210044253,275643.352047062,8715.21427262126,-56.55576081540342,-52321.24323096825,14742462.350421872,480944.97741053626,277881.0063740853,5676.378422119207,-59.60552378544477,-65538.33747205645,14596433.244318813,-59.442196055697025,-69708.41669939377,14655811.242736755
0.5,0.01,"gamma=0.5, epsilon=0.01",0.35,6,7,5,S5,高强度综合激励策略,0.5345591801412058,1,0.5345591801412058,2,0.5207958427853574,4,3,True,False,19966124.32221587,20161431.1500534,20432428.314256433,466303.9920405634,270997.16420303285,0.011130682419009762,671974.4210044253,276920.4431424395,2194.1444074640317,-59.44920602931489,-88073.58349810686,20471142.426204536,505018.1039886661,309711.27615113556,1331.0840279750337,-58.87940112252314,-101311.39655122714,20315432.750976477,-58.80684454025739,-105371.06688369345,20374754.652659032
0.5,0.01,"gamma=0.5, epsilon=0.01",0.35,8,9,5,S5,高强度综合激励策略,0.6365775436799964,1,0.6365775436799964,2,0.6356172655979121,5,3,True,False,25670731.271420408,25826201.030688133,26148612.96753847,477881.6961180605,322411.93685033545,0.00875847791903594,671974.4210044253,277076.8868016232,1034.4776498749143,-58.32249961370484,-123394.39728647948,26176233.45617806,505502.1847576536,350032.4254899286,427.2707185231802,-58.06573250811628,-136492.83199950308,25999636.26882571,-58.21214702756945,-140554.98319833993,26064542.997902725
0.5,0.01,"gamma=0.5, epsilon=0.01",0.35,12,13,5,S5,高强度综合激励策略,0.5847367515568155,1,0.5847367515568155,2,0.49340455266595257,3,4,True,False,37079945.16982948,37156232.62193186,37491959.19259135,412014.02276186645,335726.57065948844,0.006155233440357703,671974.4210044253,277098.3987825339,-1230.8960396909852,-57.93246077955902,-193457.35174964624,37513688.5234585,433743.35362902284,357455.9015266448,-1231.954157418548,-57.90984319367549,-206568.19103191653,37329568.310291804,-57.90132577942324,-210588.00514105277,37394329.27212395
0.5,0.05,"gamma=0.5, epsilon=0.05",0.35,1,2,5,S5,高强度综合激励策略,0.5863753361050411,1,0.5863753361050411,2,0.5337592448496417,3,4,True,False,5704606.949204534,5812033.763829731,5502002.383723918,-202604.56548061594,-310031.38010581303,0.038045431489159884,671966.2618428455,243154.13251667432,21652.45164651919,-34.36024143535821,-15222.665577837557,5730292.605565336,25685.65636080131,-81741.15826439578,18990.834460213922,-43.486088459507705,-22314.246242244262,5766182.163905776,-48.6234247790606,-25736.40345069999,5818922.372327057
0.5,0.05,"gamma=0.5, epsilon=0.05",0.35,2,3,5,S5,高强度综合激励策略,0.6002420221862109,1,0.6002420221862109,2,0.46730171652510033,4,3,True,False,8556910.4238068,8691369.674158681,8525764.469038304,-31145.954768495634,-165605.20512037724,0.025538623147055132,671966.2618428455,265218.1186154096,17956.664928727303,-46.68534377051379,-29197.918256777833,8706406.405468069,149495.98166126944,15036.731309387833,13381.022275585738,-54.627850170290344,-38737.750340951985,8706148.80570683,-54.79769509418262,-42166.60087604544,8761076.761797229
0.5,0.05,"gamma=0.5, epsilon=0.05",0.35,3,4,5,S4,流失召回强化策略,0.5599941763041818,3,0.5132478934231793,1,0.5599941763041818,2,4,False,True,11409213.898409069,11555332.67196075,11503667.254980385,94453.35657131672,-51665.41698036529,0.019292870447284397,671966.2618428455,272940.5137499669,13406.613840095704,-58.55750253952801,-46861.01137851784,11643106.76481253,233892.8664034605,87774.09285177849,9191.944804618515,-56.372793696295034,-55768.31517030805,11598322.007862104,-53.61517064888545,-58358.38776766928,11652561.278495817
0.5,0.05,"gamma=0.5, epsilon=0.05",0.35,4,5,5,S5,高强度综合激励策略,0.6423621312150863,1,0.6423621312150863,2,0.39748540719203534,3,4,True,False,14261517.373011336,14412255.800591597,14423523.035906987,162005.66289565153,11267.235315389931,0.015561251778027587,671966.2618428455,275643.352047062,7443.573498389905,-56.4269055417175,-63892.20413778146,14537925.497814111,276408.1248027757,125669.69722251408,4813.660797698621,-59.436537570359725,-73673.0553636853,14469819.595660487,-58.405720945271966,-75957.36116472702,14524078.183303813
0.5,0.05,"gamma=0.5, epsilon=0.05",0.35,6,7,5,S2,均衡促活策略,0.5430474564208025,3,0.513517948956329,2,0.5426088918368406,4,1,False,False,19966124.32221587,20109105.125190314,20174477.849223323,208353.52700745314,65372.72403300926,0.011268423036297485,671966.2618428455,276920.4431424395,2179.4589053857467,-59.48025077609075,-99654.0478926358,20265025.924706057,298901.6024901867,155920.7995157428,1339.1075168010466,-58.8691588598322,-109464.02813713573,20188871.180735547,-58.559790034085985,-111514.73809393239,20243070.4074813
0.5,0.05,"gamma=0.5, epsilon=0.05",0.35,8,9,5,S5,高强度综合激励策略,0.5788857643716023,1,0.5788857643716023,2,0.525407427053291,5,3,True,False,25670731.271420408,25773881.22158447,25890757.873684235,220026.60226382688,116876.65209976584,0.008843483440834165,671966.2618428455,277076.8868016232,1034.4736923903856,-58.2078437103388,-134919.44707756292,25970129.493903734,299398.22248332575,196248.2723192647,427.2827956004021,-58.19061607097287,-144607.7625941009,25873085.169826847,-58.07174152179169,-146664.29407714005,25932859.637211666
0.5,0.05,"gamma=0.5, epsilon=0.05",0.35,12,13,5,S1,低补贴保留策略,0.5511308857922594,2,0.4522879896283104,3,0.3641160369466194,4,5,False,False,37079945.16982948,37103920.25290629,37234103.3126817,154158.14285221696,130183.05977540463,0.0061970738445094814,671966.2618428455,277098.3987825339,-1230.9078792881046,-57.89661760253644,-204985.97317780356,37307607.76269231,227662.59286282957,203687.50978601724,-1231.95290922792,-57.89508136636967,-214606.33787584607,37203024.70511435,-57.894928018693825,-216672.6418844699,37262660.29589944
0.75,1e-09,"gamma=0.75, epsilon=1e-09",0.35,1,2,5,S4,流失召回强化策略,0.5715706817268834,2,0.5484229818005788,1,0.5715706817268834,4,3,False,True,5704606.949204534,6624723.886985021,6486779.069450759,782172.120246225,-137944.81753426138,0.03280171385879934,671975.0052672585,243154.13251667432,75377.69742856662,90.97661870336019,55431.166516171186,6734676.001914144,1030069.0527096093,109952.11492912285,72828.39087930237,69.96539320519848,47242.304968110926,6759281.667310829,36.31781102006914,31312.55456605446,6815717.471155736
0.75,1e-09,"gamma=0.75, epsilon=1e-09",0.35,2,3,5,S4,流失召回强化策略,0.6050588050306265,2,0.6013695714376169,1,0.6050588050306265,4,3,False,True,8556910.4238068,9796633.734347753,10010257.691908691,1453347.2681018915,213623.95756093785,0.0219833516092442,671975.0052672585,265218.1186154096,71185.56242330448,53.64181935706558,70556.00479015886,10200624.764168467,1643714.3403616678,403991.02982071415,65470.91146190787,47.453744009445685,60560.37761879395,10120013.15102351,1.067767735000848,30660.404647738877,10184998.38292112
0.75,1e-09,"gamma=0.75, epsilon=1e-09",0.35,3,4,5,S5,高强度综合激励策略,0.6836518656787741,1,0.6836518656787741,2,0.6244801132446873,5,4,True,False,11409213.898409069,12912099.23914181,13451060.065845028,2041846.167435959,538960.8267032169,0.016628688272354582,671975.0052672585,272940.5137499669,63026.23716265205,4.3695240877118575,70798.52579344425,13556062.374010637,2146848.475601569,643963.1348688267,54267.016091776764,-3.072838726977312,57994.044466665015,13337517.22252262,-24.151746241915486,21767.473547592002,13410303.05002529
0.75,1e-09,"gamma=0.75, epsilon=1e-09",0.35,4,5,5,S5,高强度综合激励策略,0.6799418391642226,1,0.6799418391642226,4,0.4256804414860164,2,5,True,False,14261517.373011336,16002476.349200714,16763787.354498126,2502269.98148679,761311.0052974112,0.013469939299931968,671975.0052672585,275643.352047062,49824.800817661424,-13.735770216274787,65591.72659085173,16779832.248602077,2518314.8755907416,777355.899401363,40534.254453538815,-37.679964490795996,45155.952362562995,16479711.947819438,-25.5383275743589,12697.420513991616,16553549.277336666
0.75,1e-09,"gamma=0.75, epsilon=1e-09",0.35,6,7,5,S1,低补贴保留策略,0.6897743340827,2,0.3107370414423809,3,0.24722197509667915,4,5,False,False,19966124.32221587,22126448.39109049,23061781.403969213,3095657.0817533433,935333.0128787234,0.009896183662637508,671975.0052672585,276920.4431424395,29956.06221798456,-22.386564862929436,42413.39869907533,23013698.79326122,3047574.471045349,887250.4021707289,27396.00607076913,-21.75646441525676,29483.4787688012,22666354.315149818,-21.42676822860602,-7184.874028161168,22742258.01292717
0.75,1e-09,"gamma=0.75, epsilon=1e-09",0.35,8,9,5,S5,高强度综合激励策略,0.6205116686256892,1,0.6205116686256892,2,0.5781810176858033,4,3,True,False,25670731.271420408,28194741.039112616,29238295.333469924,3567564.0620495155,1043554.2943573073,0.007852756238328295,671975.0052672585,277076.8868016232,25578.689035763087,-23.95383107683911,26831.76840304362,29167626.513684507,3496895.2422640994,972885.4745718911,24387.65559618205,-22.63491963684274,13669.43979401025,28769547.436409596,-7.201335104007155,-17907.927000858705,28852713.845418952
0.75,1e-09,"gamma=0.75, epsilon=1e-09",0.35,12,13,5,S5,高强度综合激励策略,0.6211620967518324,1,0.6211620967518324,2,0.5733765755023262,3,4,True,False,37079945.16982948,40042447.42268938,41391272.174674846,4311327.004845366,1348824.751985468,0.005584033200286402,671975.0052672585,277098.3987825339,18410.654154181095,-40.849614731195174,-7820.727880366845,41303805.65423613,4223860.48440665,1261358.2315467522,17650.729647409564,-46.48044780302463,-26980.325478612445,40801511.659342036,-47.47735265141637,-64148.867474780185,40901541.413417906
0.75,0.0001,"gamma=0.75, epsilon=0.0001",0.35,1,2,5,S4,流失召回强化策略,0.6278691034124232,4,0.5185987737869908,1,0.6278691034124232,3,2,False,True,5704606.949204534,6277308.802613702,6293973.302401872,589366.3531973381,16664.49978817068,0.03371073236251879,671975.1089226997,243154.13251667432,63624.64333964658,65.32957247643418,44699.62805326737,6512285.116438269,807678.1672337344,234976.313824567,59538.03899901711,28.97809332891008,29084.653137173562,6458264.606831004,-1.5539040457258713,8911.079929990927,6523247.336645143
0.75,0.0001,"gamma=0.75, epsilon=0.0001",0.35,2,3,5,S5,高强度综合激励策略,0.6208159741337975,1,0.6208159741337975,2,0.5574610704240027,3,4,True,False,8556910.4238068,9239616.784102075,9680596.991300328,1123686.5674935281,440980.2071982529,0.022684891738122763,671975.1089226997,265218.1186154096,56583.7523983086,8.15601221986498,46618.22356758543,9813571.230206233,1256660.806399433,573954.4461041577,48006.99751122265,-17.85170537452867,23266.520438783366,9643725.601184018,-29.405667363104786,-400.07855890563224,9717366.023897585
0.75,0.0001,"gamma=0.75, epsilon=0.0001",0.35,3,4,5,S5,高强度综合激励策略,0.6518215066566008,1,0.6518215066566008,2,0.546779802285742,3,4,True,False,11409213.898409069,12134470.220206784,12948878.817876237,1539664.919467168,814408.5976694524,0.017242879444559395,671975.1089226997,272940.5137499669,44283.27958124707,-25.372982681655,38491.63877265982,12996426.32284366,1587212.424434591,861956.1026368756,35487.7578411015,-41.70871990724405,10251.318160822557,12682107.564506065,-44.623733052927676,-14207.51898093475,12766211.513540467
0.75,0.0001,"gamma=0.75, epsilon=0.0001",0.35,4,5,5,S5,高强度综合激励策略,0.7136462381876475,1,0.7136462381876475,2,0.4071784653940389,3,4,True,False,14261517.373011336,14999990.921765462,16083149.658133177,1821632.2851218414,1083158.7363677155,0.014018074216348491,671975.1089226997,275643.352047062,30366.82741797582,-47.7970444260743,23617.665098659927,16047252.056383645,1785734.6833723094,1047261.1346181836,21551.750732623063,-57.46105698935207,-7317.098145292432,15610410.6373238,-55.72315860431488,-31178.99681673711,15700436.345031695
0.75,0.0001,"gamma=0.75, epsilon=0.0001",0.35,6,7,5,S4,流失召回强化策略,0.5935133377370357,2,0.5315023808642582,1,0.5935133377370357,5,3,False,True,19966124.32221587,20699008.586146448,21981521.666107044,2015397.3438911736,1282513.0799605958,0.010368667429376408,671975.1089226997,276920.4431424395,6218.880729532488,-59.26403888636752,-11770.712373855407,21856276.92818526,1890152.6059693918,1157268.342038814,3472.621923379791,-58.6305247090735,-43119.808222367894,21352252.306907672,-59.196883670296785,-67053.85145885788,21445686.91015031
0.75,0.0001,"gamma=0.75, epsilon=0.0001",0.35,8,9,5,S5,高强度综合激励策略,0.5556844791021276,1,0.5556844791021276,2,0.5078943358215853,5,4,True,False,25670731.271420408,26364041.645789538,27711548.602458388,2040817.3310379796,1347506.95666885,0.008275641681093016,671975.1089226997,277076.8868016232,1281.5005842781138,-58.613851997671794,-47215.571764067514,27568144.129050884,1897412.8576304764,1204102.4832613468,550.470630881351,-58.530669655408296,-78425.90852236608,27037772.7684918,-58.63862129561726,-102479.86352102063,27137192.45398344
0.75,0.0001,"gamma=0.75, epsilon=0.0001",0.35,12,13,5,S2,均衡促活策略,0.5678178851908742,5,0.4659862251451061,4,0.4783374081344535,3,1,False,False,37079945.16982948,37694052.006352834,39055983.20473363,1976038.0349041522,1361931.198380798,0.005912634446985478,671975.1089226997,277098.3987825339,-1239.501263432672,-58.07857066743486,-117601.68228223932,38906352.368825145,1826407.1989956647,1212300.3624723107,-1232.1774962292684,-58.04688462037441,-148654.09577950672,38367934.29198723,-57.988740694353304,-172723.01242245652,38467197.06660962
0.75,0.001,"gamma=0.75, epsilon=0.001",0.35,1,2,5,S5,高强度综合激励策略,0.599648712775174,1,0.599648712775174,2,0.5848844809123215,4,3,True,False,5704606.949204534,6030477.63542092,6132648.546762781,428041.5975582469,102170.91134186089,0.034513326095586695,671975.0724394894,243154.13251667432,54429.6589196981,29.8910246525524,26357.77519704096,6333035.7030238975,628428.7538193632,302558.06760297716,48992.91436120307,0.8340206835956345,11417.156888758764,6237409.38808447,-18.978233428579248,-4354.618644918082,6305870.890383541
0.75,0.001,"gamma=0.75, epsilon=0.001",0.35,2,3,5,S5,高强度综合激励策略,0.633805874686702,1,0.633805874686702,2,0.5540833281521482,4,3,True,False,8556910.4238068,8945539.644934092,9412078.622307912,855168.1985011119,466538.9773738198,0.023290924157481144,671975.0724394894,265218.1186154096,45003.49581708874,-14.327419020925522,21575.321765740955,9516468.272104738,959557.8482979387,570928.6271706466,35234.31671043924,-33.72466512688882,957.8196077178873,9287300.534431508,-39.24580289440536,-16547.683403607836,9362704.501537498
0.75,0.001,"gamma=0.75, epsilon=0.001",0.35,3,4,5,S5,高强度综合激励策略,0.656878361353645,1,0.656878361353645,2,0.541939854206109,3,4,True,False,11409213.898409069,11822852.042772753,12549763.904164828,1140550.0057557598,726911.8613920752,0.017764590151808948,671975.0724394894,272940.5137499669,30069.484105174262,-39.684043512993725,9236.50847286312,12562426.939115612,1153213.0407065433,739574.8963428587,20567.364097932685,-50.03831587401969,-14407.678505772608,12231646.813763127,-47.756293268415725,-31262.65747612709,12309769.78883255
0.75,0.001,"gamma=0.75, epsilon=0.001",0.35,4,5,5,S5,高强度综合激励策略,0.7172553191927662,1,0.7172553191927662,2,0.42908521977861636,3,5,True,False,14261517.373011336,14683473.454398386,15553296.078764692,1291778.7057533562,869822.6243663058,0.014476573376991826,671975.0724394894,275643.352047062,16105.881262495639,-52.58702780236435,-6938.432733370224,15508494.827719862,1246977.454708526,825021.3733214755,10043.17381357428,-57.458739248877336,-31980.10738335253,15122962.013321,-57.43381968959435,-48730.05030834535,15201757.534091366
0.75,0.001,"gamma=0.75, epsilon=0.001",0.35,6,7,5,S5,高强度综合激励策略,0.5412628494080571,1,0.5412628494080571,2,0.5193225438188762,5,3,True,False,19966124.32221587,20380487.037935205,21347596.550788287,1381472.228572417,967109.5128530823,0.010667520783993963,671975.0724394894,276920.4431424395,3213.0900746194907,-59.32338700405099,-42629.30007291888,21258518.978108644,1292394.6558927745,878031.9401734397,1845.2858885630374,-58.816829654599836,-67734.14643497334,20848714.1002772,-59.004427358440445,-84673.87205449515,20928061.42554305
0.75,0.001,"gamma=0.75, epsilon=0.001",0.35,8,9,5,S5,高强度综合激励策略,0.6404210055515132,1,0.6404210055515132,2,0.6151595443897234,5,3,True,False,25670731.271420408,26045253.42306928,27066781.282344677,1396050.0109242685,1021527.8592753969,0.008468220821093981,671975.0724394894,277076.8868016232,1045.7142880151557,-58.39699369536883,-77971.9663962205,26964740.146020163,1294008.8745997548,919486.7229508832,450.58729451689965,-58.23311174969341,-102946.70529732085,26532978.107078888,-58.28200273526117,-119875.81777818676,26617997.06221359
0.75,0.001,"gamma=0.75, epsilon=0.001",0.35,12,13,5,S5,高强度综合激励策略,0.5868152459772766,1,0.5868152459772766,2,0.49230927503185945,3,4,True,False,37079945.16982948,37375268.02518731,38409920.46130952,1329975.291480042,1034652.4361222088,0.0060104860568188844,671975.0724394894,277098.3987825339,-1230.8925461805643,-58.08375095083054,-148142.3071333198,38302105.24857091,1222160.0787414312,926837.223383598,-1231.9387163821705,-57.9623629618705,-173091.98047667835,37862884.974850655,-57.96429842310149,-189997.19867304165,37947757.81473567
0.75,0.01,"gamma=0.75, epsilon=0.01",0.35,1,2,5,S4,流失召回强化策略,0.5942646862673397,2,0.5539914695133431,1,0.5942646862673397,4,3,False,True,5704606.949204534,5888300.252086176,5836347.040309745,131740.0911052106,-51953.21177643072,0.03608895353602813,671974.819531957,243154.13251667432,36972.91373177945,-8.387590415980863,1978.523084326851,6014681.163105235,310074.21390070114,126380.91101905983,31057.126031069627,-23.072438726069137,-7098.688810945634,5943587.426593027,-34.52560886153504,-14549.951854605548,6004492.7795299925
0.75,0.01,"gamma=0.75, epsilon=0.01",0.35,2,3,5,S5,高强度综合激励策略,0.6313398243930537,1,0.6313398243930537,2,0.5353730189462034,4,3,True,False,8556910.4238068,8780148.223082058,8954240.900765963,397330.4769591633,174092.67768390477,0.024400697591659203,671974.819531957,265218.1186154096,27571.681215429024,-29.708649811828934,-7105.806835124124,9055650.747060115,498740.32325331494,275502.5239780564,19956.706911579255,-44.86683548344473,-20631.141069831006,8915288.848279748,-48.446396869762395,-29299.354831412114,8980045.970049622
0.75,0.01,"gamma=0.75, epsilon=0.01",0.35,3,4,5,S5,高强度综合激励策略,0.6572090896054704,1,0.6572090896054704,2,0.531324937028072,3,4,True,False,11409213.898409069,11647472.588251062,11979162.39257534,569948.4941662718,331689.8043242786,0.018566987756917758,671974.819531957,272940.5137499669,18102.325201037223,-48.755388397606765,-21936.462945627456,12021478.229625182,612264.3312161136,374005.6413741205,12108.780995508369,-54.937633522941056,-37401.32914293179,11823338.087993873,-52.40795966872194,-45296.32427344943,11887819.870602764
0.75,0.01,"gamma=0.75, epsilon=0.01",0.35,4,5,5,S5,高强度综合激励策略,0.6980317884917073,1,0.6980317884917073,2,0.39593194237517065,5,4,True,False,14261517.373011336,14504338.247746818,14919863.688109083,658346.3150977474,415525.44036226533,0.015065433564246588,671974.819531957,275643.352047062,9516.852926807751,-55.01217916232889,-38761.71013338759,14930091.180570569,668573.8075592332,425752.9328237511,6210.785744737755,-60.399174105275016,-55664.70046089648,14700471.066459104,-59.47106446864446,-63228.77518199076,14765139.194094514
0.75,0.01,"gamma=0.75, epsilon=0.01",0.35,6,7,5,S5,高强度综合激励策略,0.5475161983574074,1,0.5475161983574074,2,0.5220348585809326,4,3,True,False,19966124.32221587,20201179.72896669,20681036.315932617,714911.9937167466,479856.586965926,0.011000915301873145,671974.819531957,276920.4431424395,2325.7143096908567,-59.27387876618412,-74991.8670106685,20661570.373152643,695446.0509367734,460390.64418595284,1348.2260801724008,-58.82743106742468,-91324.01389147568,20419530.0549337,-58.772366896485465,-98797.07772170164,20484120.886846207
0.75,0.01,"gamma=0.75, epsilon=0.01",0.35,8,9,5,S5,高强度综合激励策略,0.647473280686117,1,0.647473280686117,2,0.6151872972173378,5,3,True,False,25670731.271420408,25865950.44261899,26397244.649748024,726513.3783276156,531294.2071290351,0.008677922608030957,671974.819531957,277076.8868016232,1034.4351479366856,-58.389510091342196,-110308.35396563029,26366585.251067545,695853.9796471372,500634.8084485568,427.27460699784774,-58.151483768290426,-126540.47226353013,26103740.12298852,-58.12930118819825,-133959.84040479187,26173921.397081506
0.75,0.01,"gamma=0.75, epsilon=0.01",0.35,12,13,5,S5,高强度综合激励策略,0.5819876795736852,1,0.5819876795736852,2,0.48061455362440497,3,4,True,False,37079945.16982948,37195981.212410234,37740573.49417619,660628.3243467063,544592.2817659527,0.006115343070325419,671974.819531957,277098.3987825339,-1230.896004358254,-57.942381750313444,-180429.1290530885,37704051.52163774,624106.3518082574,508070.30922750384,-1231.941118236219,-57.92116699544716,-196578.3373641998,37433666.88088374,-57.91500648925709,-204009.51783962466,37503702.36588298
0.75,0.05,"gamma=0.75, epsilon=0.05",0.35,1,2,5,S5,高强度综合激励策略,0.5850721408498114,1,0.5850721408498114,2,0.5461124678678501,3,4,True,False,5704606.949204534,5824629.497646333,5592235.680253346,-112371.26895118784,-232393.81739298627,0.03749700273368494,671974.403854643,243154.13251667432,25013.55144701571,-26.77627138387914,-10247.396391381393,5797073.0945045175,92466.14529998321,-27556.403141815215,21272.49823174936,-37.79197403418795,-17865.333698085422,5800526.511318995,-43.87957691901872,-21779.273343118723,5854221.3128205165
0.75,0.05,"gamma=0.75, epsilon=0.05",0.35,2,3,5,S5,高强度综合激励策略,0.5819543024604619,1,0.5819543024604619,2,0.5122893878572546,4,3,True,False,8556910.4238068,8705493.413473086,8631726.822874013,74816.39906721376,-73766.5905990731,0.02524754870183391,671974.403854643,265218.1186154096,19509.291688969148,-42.37606328783217,-22945.165574059705,8783037.38252642,226126.95871962048,77543.96905333363,14332.249230606662,-51.88357371371134,-33489.130015626695,8745129.355958786,-53.113947696445074,-37726.37151511293,8801146.088471599
0.75,0.05,"gamma=0.75, epsilon=0.05",0.35,3,4,5,S5,高强度综合激励策略,0.6010809147782716,1,0.6010809147782716,2,0.5636531691860133,3,4,True,False,11409213.898409069,11569489.312377391,11616212.873046108,206998.974637039,46723.56066871621,0.019116051009362752,671974.403854643,272940.5137499669,14042.596102643389,-55.53156021990062,-39778.50437788642,11723580.399645142,314366.5012360737,154091.08726775087,9594.399857036255,-57.57702783265047,-50878.901433232415,11640061.619521026,-55.41106895065517,-54456.95900455443,11695689.594212232
0.75,0.05,"gamma=0.75, epsilon=0.05",0.35,4,5,5,S5,高强度综合激励策略,0.6981928755575625,1,0.6981928755575625,3,0.39233053630969955,2,4,True,False,14261517.373011336,14426404.854360713,14539157.71836197,277640.3453506343,112752.86400125735,0.015442932851340243,671974.403854643,275643.352047062,7758.7950959036925,-57.379466153697564,-57128.12798729376,14620361.960063666,358844.5870523304,193957.1057029534,5017.824977512583,-59.23134943522366,-68729.94683430018,14511651.726264752,-58.314463146877884,-72024.75526770495,14567226.804436833
0.75,0.05,"gamma=0.75, epsilon=0.05",0.35,6,7,5,S5,高强度综合激励策略,0.529694168393079,1,0.529694168393079,2,0.524460187840237,4,3,True,False,19966124.32221587,20123256.48411894,20290278.99319534,324154.67097947,167022.5090764016,0.011206197012229028,671974.403854643,276920.4431424395,2171.3492574370885,-59.44873646997977,-92845.98139214527,20347462.257666413,381337.9354505427,224205.7735474743,1338.8758998478243,-58.912835532425625,-104518.2272116635,20230686.679366127,-58.805106524872585,-107640.71121006389,20286208.577049013
0.75,0.05,"gamma=0.75, epsilon=0.05",0.35,8,9,5,S5,高强度综合激励策略,0.6345101591718435,1,0.6345101591718435,2,0.5100153898965638,5,4,True,False,25670731.271420408,25788031.44580177,26006562.60078,335831.329359591,218531.1549782306,0.00880513341161121,671974.403854643,277076.8868016232,1034.4739317204594,-58.0784899019923,-128099.48050556728,26052561.995294377,381830.72387396917,264530.54949260876,427.2748253843275,-58.130297108916025,-139674.89501966035,25914897.342802186,-58.06550103307154,-142800.76029279234,25975996.26092039
0.75,0.05,"gamma=0.75, epsilon=0.05",0.35,12,13,5,S5,高强度综合激励策略,0.5669334906913184,1,0.5669334906913184,2,0.480280982782689,3,4,True,False,37079945.16982948,37118068.92499173,37349905.691257864,269960.5214283839,231836.76626613736,0.006178240328469328,671974.403854643,277098.3987825339,-1230.9078792881014,-57.912063685928466,-198173.39238121326,37390029.42199825,310084.25216876715,271960.4970065206,-1231.952909227913,-57.896916465255295,-209709.76633309503,37244833.56164925,-57.89401605935131,-212820.07980590116,37305796.011181794
1.0,1e-09,"gamma=1, epsilon=1e-09",0.35,1,2,5,S4,流失召回强化策略,0.5647560552426161,4,0.5443357305279108,1,0.5647560552426161,3,2,False,True,5704606.949204534,6698289.291238241,6539028.278741437,834421.3295369027,-159261.0124968039,0.03256169599483109,671944.4205845327,243154.13251667432,78870.8147688923,103.09992623056,61523.07917262887,6797931.39880593,1093324.449601396,99642.10756768938,76808.04154613255,82.46800522567719,54440.294198367104,6839262.334669189,59.2969224996656,42106.22729499373,6895174.03629548
1.0,1e-09,"gamma=1, epsilon=1e-09",0.35,2,3,5,S4,流失召回强化策略,0.615230562393921,2,0.6008652613312745,1,0.615230562393921,4,3,False,True,8556910.4238068,9893891.070425577,10103060.380790358,1546149.9569835588,209169.31036478095,0.021792225137471703,671944.4205845327,265218.1186154096,75378.38682665394,71.32310272145959,81910.41828032545,10306151.962701418,1749241.538894618,412260.89227584004,69774.37062884656,73.50219397932352,75430.86174613322,10238867.468810836,7.856271213106222,43417.87220845485,10303898.76713928
1.0,1e-09,"gamma=1, epsilon=1e-09",0.35,3,4,5,S5,高强度综合激励策略,0.6927378019354,1,0.6927378019354,2,0.5817560460569435,3,4,True,False,11409213.898409069,13026532.889100233,13584753.283708287,2175539.385299219,558220.3946080543,0.016471424602058436,671944.4205845327,272940.5137499669,67324.23711814817,15.424802669961668,85335.51420600002,13700501.40466487,2291287.5062558018,673968.5155646373,58283.88859388246,3.231099755461181,74649.55132682482,13484513.12854395,-13.308416752527545,37569.70483508485,13558696.066898769
1.0,1e-09,"gamma=1, epsilon=1e-09",0.35,4,5,5,S5,高强度综合激励策略,0.6550343200483205,1,0.6550343200483205,2,0.5188457064724727,3,5,True,False,14261517.373011336,16132683.18774368,16931835.88734023,2670318.5143288933,799152.6995965485,0.013340338943137962,671944.4205845327,275643.352047062,53376.14451791782,-8.543034575132335,81723.27592945611,16951927.001179565,2690409.628168229,819243.8134358842,43311.18854984839,-28.565111087142146,64413.36549419386,16644912.233577829,-24.11374427144027,28695.147949768812,16719551.738833252
1.0,1e-09,"gamma=1, epsilon=1e-09",0.35,6,7,5,S5,高强度综合激励策略,0.5652965276108023,1,0.5652965276108023,2,0.5638555644860933,3,4,True,False,19966124.32221587,22293023.708958697,23266582.534844257,3300458.212628387,973558.8258855604,0.009810850286152003,671944.4205845327,276920.4431424395,31525.607086477212,-25.338979368683606,59420.52737364499,23217726.07529498,3251601.753079109,924702.3663362823,28982.962120675656,-16.399723087784455,50231.94384463469,22860629.154135164,-14.84163926218551,11031.699388477253,22937431.344573
1.0,1e-09,"gamma=1, epsilon=1e-09",0.35,8,9,5,S5,高强度综合激励策略,0.6871130720018208,1,0.6871130720018208,2,0.4689473772354177,3,4,True,False,25670731.271420408,28377966.82614969,29472615.940395292,3801884.668974884,1094649.114245601,0.007791183341895069,671944.4205845327,277076.8868016232,27230.766033896416,-15.877822137042081,47410.20728743868,29401147.5128611,3730416.241440691,1023180.6867114082,26071.891600306542,-19.389416032316444,37102.44102588901,29000623.844122406,-18.724120537260003,-1687.34653139906,29082249.17141141
1.0,1e-09,"gamma=1, epsilon=1e-09",0.35,12,13,5,S5,高强度综合激励策略,0.63919926450239,1,0.63919926450239,2,0.5311187945194309,3,4,True,False,37079945.16982948,40369400.27435226,41690571.0055267,4610625.835697219,1321170.7311744392,0.005544188293590133,671944.4205845327,277098.3987825339,21637.767887734088,-6.182370684490544,22137.21358073363,41608922.63132237,4528977.461492889,1239522.356970109,21419.20782805616,-35.652844001677714,2018.122550498927,41126616.44330766,-35.35281908916508,-30889.745801431127,41219192.0016631
1.0,0.0001,"gamma=1, epsilon=0.0001",0.35,1,2,5,S4,流失召回强化策略,0.6142194605733823,4,0.5028586398272415,1,0.6142194605733823,3,2,False,True,5704606.949204534,6425753.017406253,6416406.546242119,711799.5970375845,-9346.471164134331,0.03312480319876211,671975.1092092429,243154.13251667432,71340.49233881397,124.82877447014404,64203.54251868368,6658649.785565732,954042.8363611978,232896.7681594789,67939.43222874413,54.67465232230532,43615.33768267813,6619254.358564581,21.027248320821396,23035.179312392516,6684271.690451487
1.0,0.0001,"gamma=1, epsilon=0.0001",0.35,2,3,5,S5,高强度综合激励策略,0.6140999027284725,1,0.6140999027284725,2,0.5665647872515127,4,3,True,False,8556910.4238068,9436590.25015019,9883627.391866567,1326716.968059767,447037.14171637595,0.022246284170829782,671975.1092092429,265218.1186154096,65089.71763864776,35.80817517460372,74219.9102739291,10043453.615487898,1486543.1916810982,606863.3653377071,56807.72389842549,4.925824613259259,44430.19264041053,9879421.118078561,-13.918851143989059,18291.139069011522,9953006.006786367
1.0,0.0001,"gamma=1, epsilon=0.0001",0.35,3,4,5,S5,高强度综合激励策略,0.6461097981039774,1,0.6461097981039774,2,0.5648353244386991,3,4,True,False,11409213.898409069,12346228.117532399,13230860.775597282,1821646.8771882132,884632.6580648832,0.01689161846264954,671975.1092092429,272940.5137499669,52663.12765295016,-6.168554035398775,71686.6887664108,13301489.92449767,1892276.026088601,955261.806965271,43519.17877919336,-27.283157091379472,35703.21390192688,12980415.451134086,-36.935455418973646,6691.519631948322,13067899.01661922
1.0,0.0001,"gamma=1, epsilon=0.0001",0.35,4,5,5,S5,高强度综合激励策略,0.6981499851717259,1,0.6981499851717259,2,0.4318015519415222,3,4,True,False,14261517.373011336,15216092.79535084,16438366.015406441,2176848.642395105,1222273.2200556006,0.013725975708166834,671975.1092092429,275643.352047062,38256.50936365137,-36.6545471509859,60125.43399231421,16415989.11027229,2154471.7372609545,1199896.3149214499,28455.165614690606,-54.80151405148893,18860.77686541289,15943658.00583296,-53.75928924856476,-9706.488702276722,16041469.357126243
1.0,0.0001,"gamma=1, epsilon=0.0001",0.35,6,7,5,S5,高强度综合激励策略,0.5917016012600205,1,0.5917016012600205,3,0.4412470376605255,5,4,True,False,19966124.32221587,20916436.579738427,22415395.980503663,2449271.6582877934,1498959.4007652365,0.010173236359335862,671975.1092092429,276920.4431424395,8636.925388216772,-58.867040818436,25650.18466166174,22275918.980080076,2309794.6578642055,1359482.4003416486,4713.690740141686,-59.03144932468442,-16885.278512630495,21699468.024129614,-58.86055436634592,-45271.08295647707,21801130.322105628
1.0,0.0001,"gamma=1, epsilon=0.0001",0.35,8,9,5,S5,高强度综合激励策略,0.6207131378351609,1,0.6207131378351609,2,0.4692464065572847,5,4,True,False,25670731.271420408,26581399.598094545,28155342.786474723,2484611.5150543153,1573943.188380178,0.008147869452919261,671975.1092092429,277076.8868016232,1445.053596914215,-58.44660778076604,-9728.608147270279,27991318.781312484,2320587.5098920763,1409919.183217939,608.2714882243588,-58.56734120649268,-52175.19178778725,27385356.061510555,-58.59176548235083,-80712.3404400628,27493438.339035098
1.0,0.0001,"gamma=1, epsilon=0.0001",0.35,12,13,5,S2,均衡促活策略,0.556210512622376,4,0.46882989261658065,5,0.43529896221506964,3,1,False,False,37079945.16982948,37911343.830609575,39500620.63123628,2420675.461406797,1589276.8006267026,0.005847001162849758,671975.1092092429,277098.3987825339,-1241.8039706358234,-58.07140061670533,-80150.54589142418,39329655.690263085,2249710.5204336047,1418311.8596535102,-1232.2271582522242,-58.09185890122853,-122418.15784071013,38715470.925492235,-57.991200754904135,-150954.5114941235,38823418.417646505
1.0,0.001,"gamma=1, epsilon=0.001",0.35,1,2,5,S5,高强度综合激励策略,0.6103304172860586,1,0.6103304172860586,2,0.5756960236786143,4,3,True,False,5704606.949204534,6123995.701034689,6288288.691227274,583681.7420227397,164292.9901925847,0.033738350812561865,671975.1104386689,243154.13251667432,63083.374746088746,61.380192818992356,44167.83945631323,6491209.279983761,786602.3307792265,367213.57894907147,57646.333151087594,21.32452365000509,26701.10001417779,6391880.020897038,-6.457453989501605,5840.268618172733,6464728.009728048
1.0,0.001,"gamma=1, epsilon=0.001",0.35,2,3,5,S5,高强度综合激励策略,0.6341267027145098,1,0.6341267027145098,2,0.5557366757612088,3,4,True,False,8556910.4238068,9051294.73229207,9646034.988158584,1089124.564351784,594740.2558665145,0.022760997621075838,671975.1104386689,265218.1186154096,53383.47313382838,2.7485753831886854,44526.39375505046,9750841.68039845,1193931.2565916497,699546.9481063802,43438.29008223315,-23.004991988373273,19227.202485085436,9493558.665973118,-31.67662583935164,-4160.164319017058,9580557.403003305
1.0,0.001,"gamma=1, epsilon=0.001",0.35,3,4,5,S5,高强度综合激励策略,0.6602678202638842,1,0.6602678202638842,2,0.5376125702746599,3,4,True,False,11409213.898409069,11933034.137976784,12857091.31957077,1447877.421161702,924057.1815939862,0.017359945866497112,671975.1104386689,272940.5137499669,37945.84861976058,-31.089697133246744,34633.6645355557,12854652.698077656,1445438.7996685877,921618.5601008721,26752.35130297749,-46.25822422623626,4955.211215677788,12460342.490200805,-44.7867275035057,-18013.552803721628,12551983.906372659
1.0,0.001,"gamma=1, epsilon=0.001",0.35,4,5,5,S5,高强度综合激励策略,0.6897020585491302,1,0.6897020585491302,2,0.4778928679014056,3,4,True,False,14261517.373011336,14795360.073281663,15896325.649972,1634808.2769606635,1100965.5766903367,0.014176112996765538,671975.1104386689,275643.352047062,19881.164250881793,-49.66594157621948,19256.4673387995,15824604.23470048,1563086.8616891447,1029244.1614188179,12550.14544690994,-56.05201111214838,-12235.10867660481,15359392.01913085,-55.39000469175127,-34948.899055544345,15452209.291801672
1.0,0.001,"gamma=1, epsilon=0.001",0.35,6,7,5,S5,高强度综合激励策略,0.5684098565652815,1,0.5684098565652815,2,0.5348483719028686,4,3,True,False,19966124.32221587,20492616.672609165,21710711.34440418,1744587.0221883096,1218094.6717950143,0.010494056567659135,671975.1104386689,276920.4431424395,3698.325899731879,-59.33257470075597,-16131.315036951564,21584031.45134215,1617907.1291262805,1091414.7787329853,2084.962123083678,-58.73736907418523,-47970.83786779654,21088568.547630932,-58.71434557058788,-70775.33859345235,21181925.208941795
1.0,0.001,"gamma=1, epsilon=0.001",0.35,8,9,5,S5,高强度综合激励策略,0.568310852840364,1,0.568310852840364,2,0.5574535896507238,5,4,True,False,25670731.271420408,26157386.381117366,27431683.41166611,1760952.1402457021,1274297.030548744,0.008358010724111917,671975.1104386689,277076.8868016232,1078.6357610959526,-58.330450278929206,-51491.825677104294,27290887.814986065,1620156.543565657,1133501.4338686988,441.8594907874992,-58.23301221007935,-83167.99134646659,26772879.9247305,-58.32128626144309,-105987.79929443588,26871767.978445947
1.0,0.001,"gamma=1, epsilon=0.001",0.35,12,13,5,S5,高强度综合激励策略,0.5586093694652284,1,0.5586093694652284,3,0.4476765316061413,4,2,True,False,37079945.16982948,37487397.722387865,38775080.85525591,1695135.685426429,1287683.132868044,0.005954716222799297,671975.1104386689,277098.3987825339,-1230.8926142251808,-58.083523863309026,-121712.74573780154,38628248.3212587,1548303.151429221,1140850.5988708362,-1231.9387163821693,-58.02978141355354,-153340.68313339155,38102765.47555118,-58.00547818818435,-176131.35930188769,38201527.43924571
1.0,0.01,"gamma=1, epsilon=0.01",0.35,1,2,5,S4,流失召回强化策略,0.5945510716797315,2,0.5850697441493301,1,0.5945510716797315,4,3,False,True,5704606.949204534,5919198.089904589,5986704.118025693,282097.1688211588,67506.02812110446,0.03527214995872446,671975.0632393144,243154.13251667432,44362.38825291934,3.889486807726036,13180.775883702445,6144339.613821412,439732.66461687814,225141.5239168238,36818.274154464016,-14.50898687703562,126.28316621182603,6019272.787286876,-26.40188184632926,-9679.317489524517,6085366.99054114
1.0,0.01,"gamma=1, epsilon=0.01",0.35,2,3,5,S5,高强度综合激励策略,0.640637822018942,1,0.640637822018942,2,0.5431776233091794,4,3,True,False,8556910.4238068,8815478.070367316,9146097.797019223,589187.3732124232,330619.72665190697,0.023922916309810492,671975.0632393144,265218.1186154096,31970.3513322001,-23.573966129753877,5849.987078541337,9215012.526981419,658102.1031746194,399534.45661410317,23019.486169100157,-40.48478934578171,-12227.698489128408,9004668.308583004,-43.68434333841421,-22972.714828145312,9074975.012419103
1.0,0.01,"gamma=1, epsilon=0.01",0.35,3,4,5,S5,高强度综合激励策略,0.6610468712840836,1,0.6610468712840836,2,0.5450385018654657,3,4,True,False,11409213.898409069,11685358.697375486,12192024.04708261,782810.1486735418,506665.34970712475,0.018259183912442394,671975.0632393144,272940.5137499669,20256.2672468828,-46.43991143236504,-8349.527951844677,12193995.333177334,784781.4347682651,508636.635801848,13442.80224424906,-53.37601391252578,-28541.594336978276,11918605.29354237,-50.718188146962376,-38504.961120529915,11988532.573806768
1.0,0.01,"gamma=1, epsilon=0.01",0.35,4,5,5,S5,高强度综合激励策略,0.68303633722616,1,0.68303633722616,2,0.4633007755788779,3,5,True,False,14261517.373011336,14542324.30474454,15141345.254635733,879827.8816243969,599020.9498911928,0.014854046836784115,671975.0632393144,275643.352047062,10373.531851358408,-54.38812401742582,-25016.886464894167,15107596.59066211,846079.2176507749,565272.2859175708,6715.219240742491,-59.276514187952536,-46527.29410471802,14798210.02522775,-58.837030763029794,-56235.94843973371,14868023.935466401
1.0,0.01,"gamma=1, epsilon=0.01",0.35,6,7,5,S5,高强度综合激励策略,0.5191789596748908,1,0.5191789596748908,4,0.47491584788191005,5,3,True,False,19966124.32221587,20239168.16876924,20907350.514339663,941226.1921237931,668182.3455704227,0.010885332938338335,671975.0632393144,276920.4431424395,2473.0590969819277,-59.01802708643894,-60954.429570261156,20841278.70422204,875154.3820061684,602110.535452798,1367.3327350524246,-58.79705051758214,-82139.63846750068,20517880.72008516,-58.79703063673324,-91708.51375157636,20587668.34632884
1.0,0.01,"gamma=1, epsilon=0.01",0.35,8,9,5,S5,高强度综合激励策略,0.649800407994814,1,0.649800407994814,2,0.6130255123343055,4,3,True,False,25670731.271420408,25903940.2983325,26623533.268647067,952801.9972266592,719592.970314566,0.008605848617925616,671975.0632393144,277076.8868016232,1026.0905844709503,-58.368891054233046,-96260.79456776031,26546294.752908185,875563.4814877771,642354.4545756839,427.28628310142926,-58.198139207369515,-117354.77565598802,26202087.627994157,-58.0138538295412,-126834.5076459567,26277452.127411816
1.0,0.01,"gamma=1, epsilon=0.01",0.35,12,13,5,S5,高强度综合激励策略,0.5796053040618279,1,0.5796053040618279,2,0.47795916372398217,3,4,True,False,37079945.16982948,37233967.207313016,37966862.18525907,886917.0154295862,732894.9779460505,0.006079463480388619,671975.0632393144,277098.3987825339,-1230.8959341936968,-57.955759625239075,-166381.1209977899,37883756.497647054,803811.3278175741,649789.2903340384,-1231.9411182362194,-57.92914834868885,-187407.65452655905,37532008.37122278,-57.928546918251676,-196904.831721097,37607234.756648585
1.0,0.05,"gamma=1, epsilon=0.05",0.35,1,2,5,S5,高强度综合激励策略,0.5888576196319706,1,0.5888576196319706,2,0.5449148468065058,4,3,True,False,5704606.949204534,5836031.226246506,5677925.395397683,-26681.553806851618,-158105.8308488233,0.036990054978158673,671974.4546427611,243154.13251667432,28433.661363375628,-20.874928642681446,-4809.1876211299095,5859145.560109142,154538.61090460792,23114.33386263624,23497.74486202161,-34.65566241480628,-14970.152368450857,5832357.916161729,-43.07061157300484,-20009.057796733454,5888024.435787399
1.0,0.05,"gamma=1, epsilon=0.05",0.35,2,3,5,S4,流失召回强化策略,0.5692495455164166,2,0.5470217675233634,1,0.5692495455164166,4,3,False,True,8556910.4238068,8718762.634955857,8733683.23883836,176772.81503156014,14920.603882502764,0.024973378809541417,671974.4546427611,265218.1186154096,21169.159997658244,-39.644495336600684,-16680.247654684586,8854462.12102135,297551.69721455127,135699.4860654939,15275.66775513115,-51.87558982622217,-30608.4662806454,8781092.284700567,-52.49643032137031,-35890.25457022994,8839297.248126484
1.0,0.05,"gamma=1, epsilon=0.05",0.35,3,4,5,S5,高强度综合激励策略,0.6439485180142007,1,0.6439485180142007,2,0.5176503754562134,3,4,True,False,11409213.898409069,11582722.652217556,11724415.065637082,315201.1672280133,141692.41341952607,0.018948914848293332,671974.4546427611,272940.5137499669,14645.479783376917,-55.1249395940792,-33410.16872532398,11798752.028005866,389538.12959679775,216029.37578831054,9971.341528646855,-57.72432954918614,-48084.9814567882,11678689.489042332,-54.60252803964728,-52360.68625611486,11736181.432243772
1.0,0.05,"gamma=1, epsilon=0.05",0.35,4,5,5,S5,高强度综合激励策略,0.6770597858401164,1,0.6770597858401164,3,0.5093298377875541,2,4,True,False,14261517.373011336,14439637.953423752,14649891.29348035,388373.920469014,210253.3400565982,0.015331154136522869,671974.4546427611,275643.352047062,8018.637608748747,-58.114050388528746,-50998.929474413744,14697848.62741791,436331.2544065751,258210.67399415933,5249.332896204117,-58.94736619994161,-65857.25061266846,14550406.556180164,-58.1748138312568,-69893.7286520559,14607792.8299357
1.0,0.05,"gamma=1, epsilon=0.05",0.35,6,7,5,S5,高强度综合激励策略,0.5423724837283627,1,0.5423724837283627,2,0.5250807593732589,4,3,True,False,19966124.32221587,20136492.60004172,20402028.57758368,435904.25536781177,265535.9775419608,0.011146682983098255,671974.4546427611,276920.4431424395,2169.9948983424,-59.43138998401655,-86681.06525392504,20424863.40957447,458739.0873586014,288370.8095327504,1330.8179212404775,-58.93089939667543,-101622.75028877304,20269472.47871823,-58.71911469649092,-105457.61997154058,20326706.17978339
1.0,0.05,"gamma=1, epsilon=0.05",0.35,8,9,5,S5,高强度综合激励策略,0.6476736539153976,1,0.6476736539153976,2,0.6337088843603443,5,3,True,False,25670731.271420408,25801266.968580265,26118290.33841579,447559.0669953823,317023.36983552575,0.008768357018895402,671974.4546427611,277076.8868016232,1034.4765973171316,-58.317849648643126,-122007.4689662311,26129962.12446101,459230.85304060206,328695.1558807455,427.27420625025104,-58.053748490681066,-136782.9043635911,25953683.629455768,-58.109742451537926,-140615.7562314124,26016499.701990966
1.0,0.05,"gamma=1, epsilon=0.05",0.35,12,13,5,S5,高强度综合激励策略,0.5857224811720351,1,0.5857224811720351,2,0.5010234820663302,3,4,True,False,37079945.16982948,37131302.972287215,37461632.19362618,381687.02379669994,330329.221338965,0.006160111934103181,671974.4546427611,277098.3987825339,-1230.9091274787354,-57.92378519882586,-192086.0674932769,37467423.83698961,387478.66716013104,336120.8647023961,-1231.9529092279113,-57.89573746772947,-206835.8986847751,37283619.507771865,-57.893455986941326,-210636.26010258286,37346296.02371677
