gamma_kappa,epsilon_kappa,kappa情景,延续活跃系数,delay_window_count,总窗口数,可行策略数量,最优策略编号,最优策略名称,最优策略替代TOPSIS得分,S5排序,S5_替代TOPSIS得分,S4排序,S4_替代TOPSIS得分,S3排序,S3_替代TOPSIS得分,S2排序,S1排序,S5是否第一,S4是否第一,S3是否第一,S0平台利润,S1平台利润,S5平台利润,S5相对S0利润差,S5相对S1利润差,S5成本收入比,S5积分成本,S5总活跃度提升,S5续费概率提升,S5私教购买概率提升,S5私教收入提升,S4平台利润,S4相对S0利润差,S4相对S1利润差,S4续费概率提升,S4私教购买概率提升,S4私教收入提升,S3平台利润,S3私教购买概率提升,S3私教收入提升,S2平台利润
0.25,1e-09,"gamma=0.25, epsilon=1e-09",0.35,1,2,5,S4,流失召回强化策略,0.5635222366304384,2,0.547664811123199,1,0.5635222366304384,4,0.517913543293311,3,5,False,True,False,5704606.949204534,6535532.846804089,6015700.745113703,311093.79590916913,-519832.1016903855,0.038904346343398476,753520.0956363467,405945.353740733,53843.04467260154,42.275042974959895,24016.279560205672,6292004.216010866,587397.2668063315,-243528.63079322316,51609.81934483313,30.558064061655973,23000.13425122024,6380488.92614062,17.301823761328787,17679.19905392127,6425549.046605538
0.25,1e-09,"gamma=0.25, epsilon=1e-09",0.35,2,3,5,S4,流失召回强化策略,0.5576556712601185,2,0.5556391134026848,1,0.5576556712601185,4,0.5057083514171582,3,5,False,True,False,8556910.4238068,9737014.457774302,9339772.685659785,782862.2618529852,-397241.77211451717,0.026092471504451195,753520.0956363467,442781.13583942916,49857.752350837116,17.323907653446046,29025.560552342766,9584107.51209493,1027197.0882881302,-152906.94567937218,46815.85975004446,-14.809698644552782,18217.267798746965,9651451.40335765,-27.721980009869323,8915.29478630083,9691506.520239433
0.25,1e-09,"gamma=0.25, epsilon=1e-09",0.35,3,4,5,S4,流失召回强化策略,0.563851513181634,2,0.5606346405586489,1,0.563851513181634,4,0.5102310603271957,3,5,False,True,False,11409213.898409069,12846457.709262127,12610864.620070811,1201650.7216617428,-235593.0891913157,0.01970721856127387,753520.0956363467,455673.6595739728,44710.36056658897,-28.92019985488734,19900.968024673755,12807718.43311433,1398504.5347052608,-38739.276147797704,39792.15051695384,-33.873950867478015,7504.345363991335,12849373.483450811,-37.02639006288241,-2712.359681462811,12877791.731769152
0.25,1e-09,"gamma=0.25, epsilon=1e-09",0.35,4,5,5,S4,流失召回强化策略,0.5931914247445671,2,0.5565478161499016,1,0.5931914247445671,4,0.4978440601212308,3,5,False,True,False,14261517.373011336,15879444.732129542,15809067.39494667,1547550.0219353344,-70377.337182872,0.01590240734612717,753520.0956363467,460186.04288106307,37229.65293045769,-37.26442721772278,8202.078390576993,15957782.047368884,1696264.6743575484,78337.31523934193,32301.222782335368,-38.07908706070066,-4315.958232538949,15951109.328720812,-48.50710820182084,-17580.14607656095,15976395.545470951
0.25,1e-09,"gamma=0.25, epsilon=1e-09",0.35,6,7,5,S5,高强度综合激励策略,0.6176539797432513,1,0.6176539797432513,2,0.5824474788492169,4,0.44634542449983594,3,5,True,False,False,19966124.32221587,21850303.096986838,21942736.67191375,1976612.3496978804,92433.57492691278,0.011605323237337328,753520.0956363467,462318.14399366325,19978.355289812276,-52.859266476656074,-22833.44593037956,22025348.882227626,2059224.5600117557,175045.785240788,17653.74552366188,-49.77832097569475,-35582.43904431909,21975270.31517838,-50.03993252775641,-48802.9892370922,21998322.96416171
0.25,1e-09,"gamma=0.25, epsilon=1e-09",0.35,8,9,5,S5,高强度综合激励策略,0.6069311172807537,1,0.6069311172807537,2,0.5871426334227524,4,0.49378346491822894,3,5,True,False,False,25670731.271420408,27740829.546751738,27907551.67307024,2236820.4016498327,166722.12631850317,0.00919024986756213,753520.0956363467,462579.32637995674,13887.111723742157,-51.069501095501565,-53493.32992013602,27967614.209575113,2296882.938154705,226784.6628233753,12676.147942916741,-51.84148667544273,-66608.85435732699,27902939.912625007,-52.56561854478801,-80171.10936430853,27925355.903967064
0.25,1e-09,"gamma=0.25, epsilon=1e-09",0.35,12,13,5,S5,高强度综合激励策略,0.6227808252777172,1,0.6227808252777172,2,0.5848049541249608,4,0.48202304914834443,3,5,True,False,False,37079945.16982948,39250119.98905179,39581632.78998022,2501687.6201507375,331512.80092842877,0.006530467850016399,753520.0956363467,462615.24059046194,4438.516564626083,-55.86756520408475,-119259.21476257406,39586979.39468706,2507034.224857576,336859.4056352675,3295.0896663672993,-56.26521582231874,-133162.25176730787,39488251.00407222,-56.35781974483636,-147068.45940028015,39505822.23904009
0.25,0.0001,"gamma=0.25, epsilon=0.0001",0.35,1,2,5,S4,流失召回强化策略,0.5582550398833311,2,0.5513934591723264,1,0.5582550398833311,4,0.5065217519544278,3,5,False,True,False,5704606.949204534,6167024.820287926,5699304.346889122,-5302.602315411903,-467720.47339880373,0.04079938836841558,753116.0387282613,405945.353740733,36139.4683592501,-10.12975029803076,-6679.850095416536,5957766.39954428,253159.45033974573,-209258.4207436461,32866.90246718191,-24.874188237926276,-8704.142639545782,6035038.258447827,-30.40579846732825,-12023.198879181378,6078816.921913941
0.25,0.0001,"gamma=0.25, epsilon=0.0001",0.35,2,3,5,S4,流失召回强化策略,0.5638373145298091,2,0.558158299870022,1,0.5638373145298091,4,0.5020709995115248,3,5,False,True,False,8556910.4238068,9183671.415085016,8842756.579088453,285846.1552816536,-340914.8359965626,0.027434720285463905,753116.0387282613,442781.13583942916,30360.77864526843,-31.006636544013656,-15982.179734803416,9067633.069134178,510722.64532737806,-116038.34595083818,26932.76518369359,-42.9958187335324,-21714.401203069836,9116426.463470146,-49.21658077703665,-27058.715063011943,9156440.195147347
0.25,0.0001,"gamma=0.25, epsilon=0.0001",0.35,3,4,5,S4,流失召回强化策略,0.5706676888755735,2,0.5609983034671887,1,0.5706676888755735,4,0.5054471642836942,3,5,False,True,False,11409213.898409069,12112051.853725204,11924614.164529894,515400.26612082496,-187437.6891953107,0.02076613327437906,753116.0387282613,455673.6595739728,24086.54814832321,-50.33027116305812,-31333.102322217834,12108549.424882231,699335.5264731627,-3502.428842972964,19851.275728857287,-54.17671278066155,-38341.74052747688,12130117.140980428,-57.66944985168572,-44726.7217909192,12162553.50531768
0.25,0.0001,"gamma=0.25, epsilon=0.0001",0.35,4,5,5,S4,流失召回强化策略,0.5809209622984925,2,0.5710436117311024,1,0.5809209622984925,4,0.4645403625001382,3,5,False,True,False,14261517.373011336,14997842.476534693,14938542.105806807,677024.7327954713,-59300.370727885514,0.016777865481554112,753116.0387282613,460186.04288106307,17097.04229541306,-57.90943780961445,-49064.57970317494,15070749.048246654,809231.675235318,72906.57171196118,11717.142043929693,-55.49294974331533,-55237.294604926254,15054818.959565913,-58.209509895246896,-62366.130346042104,15084334.923976136
0.25,0.0001,"gamma=0.25, epsilon=0.0001",0.35,6,7,5,S4,流失召回强化策略,0.5998932477003953,2,0.5904881253440165,1,0.5998932477003953,4,0.45795728605134134,3,5,False,True,False,19966124.32221587,20713179.431287754,20748734.9952004,782610.6729845293,35555.56391264498,0.012244312818176933,753116.0387282613,462318.14399366325,3879.2089965539817,-59.1838174997262,-84640.47787741158,20838604.869920235,872480.5477043651,125425.4386324808,2588.0922059142104,-59.19552529533063,-90847.6610321257,20801927.8446573,-58.964412915117116,-97999.4963845496,20830498.889731977
0.25,0.0001,"gamma=0.25, epsilon=0.0001",0.35,8,9,5,S4,流失召回强化策略,0.6121074594108007,2,0.5801667959996811,1,0.6121074594108007,4,0.5239314284349854,3,5,False,True,False,25670731.271420408,26397487.87928733,26459133.49041926,788402.2189988531,61645.61113193259,0.009674902549265174,753116.0387282613,462579.32637995674,411.5280644156419,-58.768080743610014,-120169.03179838567,26540634.879438918,869903.60801851,143147.0001515895,321.1677312381489,-58.66425432993987,-126280.37700085214,26497495.469255693,-58.63240699944583,-133422.22703210963,26526221.34226166
0.25,0.0001,"gamma=0.25, epsilon=0.0001",0.35,12,13,5,S4,流失召回强化策略,0.611573219009679,3,0.5342297066526697,1,0.611573219009679,4,0.5326484935484243,2,5,False,True,False,37079945.16982948,37693376.779475085,37791166.29509337,711221.1252638921,97789.51561828703,0.006830466981786217,753116.0387282613,462615.24059046194,-2001.421409809415,-58.071546870443164,-190589.1778041711,37854872.29694312,774927.1271136403,161495.51746803522,-1989.6963391587833,-57.979535447719734,-196594.8662792953,37806556.74699237,-57.91547321461745,-203648.6223283792,37834755.601357855
0.25,0.001,"gamma=0.25, epsilon=0.001",0.35,1,2,5,S4,流失召回强化策略,0.5599433548555767,2,0.5499357861903005,1,0.5599433548555767,4,0.5091095744091535,3,5,False,True,False,5704606.949204534,6098058.504970447,5594675.643343234,-109931.30586129986,-503382.8616272127,0.041334834067218995,750293.5634188744,405945.353740733,30603.13657628809,-14.634126877722112,-9446.308878451528,5860724.160591567,156117.21138703264,-237334.34437888023,28123.27596826846,-27.484229879312558,-10819.749274782807,5946546.154168175,-32.2578833383342,-13960.975763647788,5991506.955949533
0.25,0.001,"gamma=0.25, epsilon=0.001",0.35,2,3,5,S4,流失召回强化策略,0.5649881819401399,2,0.55580230860566,1,0.5649881819401399,4,0.5054406526847354,3,5,False,True,False,8556910.4238068,9089744.492564855,8698998.45559532,142088.03178852051,-390746.03696953505,0.027755826562437812,750293.5634188744,442781.13583942916,26111.757633926056,-32.74620777773157,-19271.064996401168,8938870.54634491,381960.12253811024,-150873.94621994533,23496.14356782309,-43.83386555871186,-24038.006330127275,8999599.719787423,-49.72377031280096,-29133.330175184965,9041006.338882696
0.25,0.001,"gamma=0.25, epsilon=0.001",0.35,3,4,5,S4,流失召回强化策略,0.5694348625859719,2,0.5627706081499001,1,0.5694348625859719,4,0.5052956784968882,3,5,False,True,False,11409213.898409069,11999984.587206455,11752394.526032645,343180.62762357667,-247590.0611738097,0.020977877612671593,750293.5634188744,455673.6595739728,21012.57596556711,-50.70652775462906,-34753.12320293399,11953346.16699169,544132.2685826216,-46638.420214764774,16996.66248680368,-55.83200207155292,-41116.86218530091,11988648.530052118,-59.391489308639514,-47263.543603299884,12022767.172772355
0.25,0.001,"gamma=0.25, epsilon=0.001",0.35,4,5,5,S5,高强度综合激励策略,0.5940567579010794,1,0.5940567579010794,2,0.5546598783766533,4,0.43861782124248744,3,5,True,False,False,14261517.373011336,14877897.848899787,14742028.358426208,480510.98541487195,-135869.49047357962,0.016930006948433576,750293.5634188744,460186.04288106307,14520.112518595563,-59.851125798000126,-53009.04678358167,14892479.239020169,630961.866008833,14581.39012038149,9264.414972995522,-56.534725927738045,-58339.176390406734,14895229.318083983,-59.23729265070602,-65196.33842711343,14927727.650026325
0.25,0.001,"gamma=0.25, epsilon=0.001",0.35,6,7,5,S4,流失召回强化策略,0.5825556057937783,2,0.5780685494675721,1,0.5825556057937783,4,0.4521545447814578,3,5,False,True,False,19966124.32221587,20588996.49793467,20526433.29310023,560308.9708843604,-62563.20483443886,0.01232746101272501,750293.5634188744,462318.14399366325,3100.4534580510535,-59.489584229365114,-88919.60272346315,20644760.77294139,678636.4507255182,55764.27500671893,2154.00517702454,-59.517994407027466,-94237.07825890585,20631497.004153877,-59.31143352148567,-101086.0464806527,20663996.127774943
0.25,0.001,"gamma=0.25, epsilon=0.001",0.35,8,9,5,S4,流失召回强化策略,0.6130520198058014,4,0.5350375236633343,1,0.6130520198058014,3,0.5357553319662459,2,5,False,True,False,25670731.271420408,26272650.379561488,26232690.683362458,561959.4119420499,-39959.696199029684,0.009720519626987542,750293.5634188744,462579.32637995674,328.7075553499824,-58.70677104506532,-124522.77466193249,26344437.17807131,673705.9066509008,71786.7985098213,270.9176902625851,-58.41751326365741,-129655.15818553348,26325659.443423152,-58.422608219811565,-136440.08777262864,26358388.186286557
0.25,0.001,"gamma=0.25, epsilon=0.001",0.35,12,13,5,S4,流失召回强化策略,0.6607872554123929,4,0.4389868643108911,1,0.6607872554123929,3,0.5609623785037665,2,5,False,True,False,37079945.16982948,37568663.12237906,37564204.41661936,484259.2467898801,-4458.705759696662,0.006845667854465219,750293.5634188744,462615.24059046194,-2001.437274031523,-58.03276089881262,-194816.9857260005,37658223.53869721,578278.3688677326,89560.41631815583,-1990.0834181193907,-57.927461942151034,-199831.66035874758,37634620.33082556,-57.898372159664156,-206594.97357695608,37666750.601671174
0.25,0.01,"gamma=0.25, epsilon=0.01",0.35,1,2,5,S4,流失召回强化策略,0.5652296813841137,2,0.5538241325320314,1,0.5652296813841137,4,0.4975932941965128,3,5,False,True,False,5704606.949204534,6013847.00276785,5492875.857258727,-211731.09194580745,-520971.14550912287,0.041407444726116446,738093.1873017807,405945.353740733,25153.79779285323,-26.174182830684288,-14747.874799976184,5764608.090071353,60001.14086681884,-249238.91269649658,23024.992066058287,-34.976133003304135,-15593.074633931712,5851305.402050007,-39.52821116554879,-19283.512451433926,5896979.763282277
0.25,0.01,"gamma=0.25, epsilon=0.01",0.35,2,3,5,S4,流失召回强化策略,0.5653067063404335,2,0.5556148792493969,1,0.5653067063404335,4,0.4996006186382293,3,5,False,True,False,8556910.4238068,8982792.575064285,8548487.111220552,-8423.312586247921,-434305.4638437331,0.02778337950810263,738093.1873017807,442781.13583942916,21060.110802817053,-39.823415973826066,-26565.653151056205,8799994.94363494,243084.51982814074,-182797.63142934442,19069.411291599048,-48.630465339926076,-30141.476768723544,8866523.639954654,-52.64759767416021,-35243.00578135747,8909538.07641484
0.25,0.01,"gamma=0.25, epsilon=0.01",0.35,3,4,5,S4,流失召回强化策略,0.5710035568307992,2,0.5637711195515996,1,0.5710035568307992,4,0.5000804853370874,3,5,False,True,False,11409213.898409069,11881487.616226116,11563830.256114433,154616.357705364,-317657.3601116836,0.020973812183305924,738093.1873017807,455673.6595739728,17090.899207327417,-53.59786469899461,-42801.53372751037,11786748.429366793,377534.5309577249,-94739.18685932271,14190.763494007339,-58.929892858208056,-48054.83558077924,11833847.392186714,-62.25377141132305,-54127.33927454846,11870757.403225025
0.25,0.01,"gamma=0.25, epsilon=0.01",0.35,4,5,5,S5,高强度综合激励策略,0.5990704715403776,1,0.5990704715403776,2,0.5566064806629154,4,0.43181109570144605,3,5,True,False,False,14261517.373011336,14754535.637882521,14531366.418351429,269849.04534009285,-223169.2195310928,0.016897975796218274,738093.1873017807,460186.04288106307,12280.953864256875,-62.39789560505417,-61734.053345498745,14711270.692844877,449753.3198335413,-43264.94503764436,7791.850701446824,-56.18486192421024,-65075.044868181925,14729672.333705973,-58.16649191201834,-71707.06092952396,14765377.859095478
0.25,0.01,"gamma=0.25, epsilon=0.01",0.35,6,7,5,S5,高强度综合激励策略,0.5863342154680459,1,0.5863342154680459,2,0.5846391930755958,4,0.4511062844833802,3,5,True,False,False,19966124.32221587,20464196.338355623,20300318.496464346,334194.1742484756,-163877.84189127758,0.012264452006168823,738093.1873017807,462318.14399366325,2639.3406047285002,-59.22997127801518,-97224.2023889668,20454586.663541857,488462.34132598713,-9609.674813766032,1943.2830067817895,-59.280326205053115,-100680.60491100111,20460398.97570611,-59.15798347957388,-107381.6059270777,20496872.453992438
0.25,0.01,"gamma=0.25, epsilon=0.01",0.35,8,9,5,S4,流失召回强化策略,0.6003287446860636,2,0.5577898178643603,1,0.6003287446860636,4,0.5270502337189557,3,5,False,True,False,25670731.271420408,26147873.864143144,26005275.942667615,334544.6712472066,-142597.92147552967,0.00964817833714443,738093.1873017807,462579.32637995674,309.6402592221692,-58.602280552563734,-132732.95444800763,26154177.975645114,483446.7042247057,6304.111501969397,275.8095675399569,-58.32784825522982,-136007.26056145015,26154397.4095056,-58.21126868939347,-142626.05668199132,26191101.318452995
0.25,0.01,"gamma=0.25, epsilon=0.01",0.35,12,13,5,S4,流失召回强化策略,0.6027929798617813,4,0.5036255871551377,1,0.6027929798617813,3,0.5317642741900145,2,5,False,True,False,37079945.16982948,37443868.62179492,37336817.42068509,256872.25085560977,-107051.20110982656,0.006776748413683732,738093.1873017807,462615.24059046194,-2003.108816123105,-57.921314981349404,-202871.19699799386,37467984.68488881,388039.51505932957,24116.06309389323,-1991.6774609945599,-57.90094919936818,-206107.9133776283,37463329.51900726,-57.90112643341724,-212693.14749994664,37499435.98427978
0.25,0.05,"gamma=0.25, epsilon=0.05",0.35,1,2,5,S4,流失召回强化策略,0.5634743350850441,2,0.5526396301925741,1,0.5634743350850441,4,0.4980887840332604,3,5,False,True,False,5704606.949204534,5962702.387252142,5415082.061789254,-289524.88741528057,-547620.325462888,0.04106230080012503,720745.4960063803,405945.353740733,20594.971096827994,-35.68051950535754,-20437.246748782578,5689790.687494615,-14816.2617099192,-272911.6997575266,19109.662805732856,-42.403634627592055,-20899.17641922497,5781732.653724782,-44.615999702728246,-23504.87689059315,5829403.542326768
0.25,0.05,"gamma=0.25, epsilon=0.05",0.35,2,3,5,S4,流失召回强化策略,0.5641658934353284,2,0.5543873004269392,1,0.5641658934353284,4,0.4987427016057136,3,5,False,True,False,8556910.4238068,8922040.214548476,8437793.14969614,-119117.27411065996,-484247.0648523364,0.027510272202998762,720745.4960063803,442781.13583942916,17753.836935245432,-44.96939011465338,-33728.39403093833,8700157.370714283,143246.94690748304,-221882.84383419342,16578.913055818575,-52.58459851719886,-36604.27764140887,8777245.256853336,-56.14293794014738,-40377.87457258522,8823526.636765724
0.25,0.05,"gamma=0.25, epsilon=0.05",0.35,3,4,5,S4,流失召回强化策略,0.5690069011308369,2,0.5628134432347255,1,0.5690069011308369,3,0.49808751120402806,4,5,False,True,False,11409213.898409069,11817465.137189774,11433400.985551137,24187.087142068893,-384064.15163863637,0.02073025485519328,720745.4960063803,455673.6595739728,15120.379653947535,-57.03235021114156,-50870.418968387006,11673993.957393864,264780.0589847956,-143471.17979590967,12894.081882678007,-58.7321348446778,-54373.128074169974,11735334.512173116,-60.55885368992409,-58738.69516234705,11775941.408883829
0.25,0.05,"gamma=0.25, epsilon=0.05",0.35,4,5,5,S5,高强度综合激励策略,0.6004295749352213,1,0.6004295749352213,2,0.5569671499354546,4,0.42554567859131975,3,5,True,False,False,14261517.373011336,14690303.582663257,14391670.363659361,130152.99064802565,-298633.2190038953,0.0166724959059671,720745.4960063803,460186.04288106307,11345.457604002317,-60.75302240892264,-69282.68772566202,14593289.475479856,331772.1024685204,-97014.10718340054,7259.756718587386,-54.78385590312076,-70963.95524583408,14628123.93654144,-58.064905604280526,-76251.83256212558,14667999.333803453
0.25,0.05,"gamma=0.25, epsilon=0.05",0.35,6,7,5,S4,流失召回强化策略,0.5910134637472243,2,0.5861799464540866,1,0.5910134637472243,4,0.4554738597323759,3,5,False,True,False,19966124.32221587,20399931.77723274,20157355.001602523,191230.679386653,-242576.77563021705,0.012068259369835788,720745.4960063803,462318.14399366325,2620.0906696735415,-59.26049170802155,-104691.8791789941,20335877.09264432,369752.7704284489,-64054.684588421136,1945.7175863037946,-59.16829722115775,-106449.10080244794,20358671.06035834,-59.04419270250664,-111886.22308903793,20399304.10023999
0.25,0.05,"gamma=0.25, epsilon=0.05",0.35,8,9,5,S4,流失召回强化策略,0.6059826543122898,2,0.5603710454420037,1,0.6059826543122898,4,0.5278558466617149,3,5,False,True,False,25670731.271420408,26083566.38754202,25862308.64101198,191577.3695915714,-221257.7465300411,0.009478295149397537,720745.4960063803,462579.32637995674,302.87836000537317,-58.53186300343554,-140139.95448453608,26035402.80390584,364671.5324854329,-48163.58363617957,272.5629134733621,-58.27004641477191,-141714.20645084267,26052590.88451629,-58.25269464242978,-147140.28025442734,26093463.755376875
0.25,0.05,"gamma=0.25, epsilon=0.05",0.35,12,13,5,S4,流失召回强化策略,0.6057601899428666,4,0.5082959368117471,1,0.6057601899428666,2,0.5316663905707766,3,5,False,True,False,37079945.16982948,37379531.867082335,37193788.2653447,113843.09551522136,-185743.60173763335,0.006645494440872105,720745.4960063803,462615.24059046194,-2004.306936918318,-57.90318506479753,-210243.4707773307,37349161.779498,269216.6096685231,-30370.08758433163,-1992.1725196580016,-57.905728168437065,-211763.461615799,37361483.22500901,-57.89052523059574,-217144.75075112982,37401760.61869262
0.5,1e-09,"gamma=0.5, epsilon=1e-09",0.35,1,2,5,S4,流失召回强化策略,0.5585048485550757,2,0.5438445427218493,1,0.5585048485550757,4,0.5245900740077538,3,5,False,True,False,5704606.949204534,6863799.3498925,6309599.040208936,604992.0910044014,-554200.3096835641,0.03883630255335067,788873.9182760085,405945.353740733,71494.38991246605,77.36412958128315,48823.47546349827,6604742.909985793,900135.9607812585,-259056.43990670703,69665.99737848772,69.88676071095254,44968.3444953681,6704700.2730923155,61.64337404058571,40817.0478331733,6753436.498900937
0.5,1e-09,"gamma=0.5, epsilon=1e-09",0.35,2,3,5,S4,流失召回强化策略,0.5601644097635277,2,0.5561307771947125,1,0.5601644097635277,4,0.5104163814784722,3,5,False,True,False,8556910.4238068,10202667.519810822,9806390.686540622,1249480.2627338227,-396276.8332701996,0.026019639340240548,788873.9182760085,442781.13583942916,67945.39195615312,61.14425449245921,66589.3815168745,10066885.300429638,1509974.876622839,-135782.2193811834,64730.192968729294,18.233427967674384,49645.830234755675,10134361.923871487,-1.1652724611187857,39614.39903434456,10175967.54372719
0.5,1e-09,"gamma=0.5, epsilon=1e-09",0.35,3,4,5,S4,流失召回强化策略,0.5633493267416221,2,0.5579650235222273,1,0.5633493267416221,4,0.5119574829273941,3,5,False,True,False,11409213.898409069,13402417.061074745,13236401.720300961,1827187.8218918927,-166015.34077378362,0.019657742126424953,788873.9182760085,455673.6595739728,61608.723458804554,-2.465062368562867,65006.28286537423,13441020.153981125,2031806.2555720564,38603.09290638007,56003.79272561846,-24.008172360285435,41537.94010799524,13469962.902334308,-28.659256081467127,30166.36032238911,13499284.296584867
0.5,1e-09,"gamma=0.5, epsilon=1e-09",0.35,4,5,5,S4,流失召回强化策略,0.6020183371480543,2,0.5845482453975686,1,0.6020183371480543,4,0.4811078145800575,3,5,False,True,False,14261517.373011336,16516120.442049276,16572226.715121735,2310709.342110399,56106.273072458804,0.015881611104952568,788873.9182760085,460186.04288106307,52151.831430590326,-30.935216367541084,54867.50087972882,16705230.657132048,2443713.2841207124,189110.21508277208,44636.98042817295,-32.994266890168376,30883.49172557873,16661094.4204215,-40.081118813024354,17488.30559215136,16685280.497886134
0.5,1e-09,"gamma=0.5, epsilon=1e-09",0.35,6,7,5,S5,高强度综合激励策略,0.6431480058759274,1,0.6431480058759274,2,0.5169237125293197,4,0.41948918040243854,3,5,True,False,False,19966124.32221587,22651812.021224298,22875751.076374408,2909626.754158538,223939.05515011027,0.01165214586849866,788873.9182760085,462318.14399366325,29017.30214357452,-63.82183345549418,22173.724541682983,22932609.2698754,2966484.9476595297,280797.2486511022,26253.578959959388,-43.249924676912606,-1665.386331026326,22851617.183505762,-5.669881507547743,-5645.005390112288,22876616.057215143
0.5,1e-09,"gamma=0.5, epsilon=1e-09",0.35,8,9,5,S5,高强度综合激励策略,0.6170194269142555,1,0.6170194269142555,2,0.5879035418122115,3,0.49844210588928933,4,5,True,False,False,25670731.271420408,28710389.92055982,29018446.90016491,3347715.6287445016,308056.9796050899,0.009250627316428357,788873.9182760085,462579.32637995674,23289.65592414935,32.209723594888786,27943.801767931436,29054371.919121005,3383640.6477005966,343981.99856118485,21996.717058784365,5.529328405838464,9160.130189108779,28956272.74288364,-30.864500119044262,-6437.840967632714,28978371.178927824
0.5,1e-09,"gamma=0.5, epsilon=1e-09",0.35,12,13,5,S5,高强度综合激励策略,0.6238842018261642,1,0.6238842018261642,2,0.5883608477445015,3,0.4885673213126965,4,5,True,False,False,37079945.16982948,40562868.62329443,41037564.16755542,3957618.9977259412,474695.5442609936,0.006592603570586437,788873.9182760085,462615.24059046194,14137.37630276459,-44.26353763258945,-19015.427282362944,41013297.48403667,3933352.314207189,450428.86074224114,13015.499454685536,-47.249019046205994,-40889.729131199885,40887099.18151481,-48.585060362524615,-58228.61561010382,40904119.82659308
0.5,0.0001,"gamma=0.5, epsilon=0.0001",0.35,1,2,5,S4,流失召回强化策略,0.5703110414463559,2,0.5498574346051037,1,0.5703110414463559,4,0.5187582899925467,3,5,False,True,False,5704606.949204534,6525586.276641084,6076165.893261634,371558.9440570995,-449420.38337945007,0.040135013659768994,788346.3569173827,405945.353740733,57674.59815418252,56.234811151777556,34975.52311122883,6346592.277806909,641985.3286023745,-178993.99883417506,54349.89464294174,38.52734730329317,31045.494320341037,6422432.143029644,15.621016074665722,21246.79092523211,6463470.521785716
0.5,0.0001,"gamma=0.5, epsilon=0.0001",0.35,2,3,5,S4,流失召回强化策略,0.573568461328104,2,0.5595257265353957,1,0.573568461328104,4,0.5093824072541491,3,5,False,True,False,8556910.4238068,9652659.805478374,9418147.061682021,861236.6378752217,-234512.7437963523,0.026994684279944847,788346.3569173827,442781.13583942916,51380.48674926002,16.15056385064193,39529.95411067884,9635419.857047087,1078509.433240287,-17239.94843128696,45980.753700059184,-17.775633849556332,25343.68886224876,9668518.886604553,-32.30616989404955,11104.076058364852,9700403.411041431
0.5,0.0001,"gamma=0.5, epsilon=0.0001",0.35,3,4,5,S4,流失召回强化策略,0.6350291777927447,4,0.5252055799988103,1,0.6350291777927447,3,0.5556290391205646,2,5,False,True,False,11409213.898409069,12647388.517362026,12664778.132045783,1255564.2336367145,17389.614683756605,0.020481550570671563,788346.3569173827,455673.6595739728,41679.41435077156,-34.080929882715516,28843.713031839114,12806718.713196598,1397504.8147875294,159330.1958345715,33786.6119832101,-45.823075520873786,10989.063936013961,12790413.981800886,-51.329711251926376,-4849.332822318713,12805628.436670942
0.5,0.0001,"gamma=0.5, epsilon=0.0001",0.35,4,5,5,S5,高强度综合激励策略,0.623806875661794,1,0.623806875661794,2,0.5798874871310621,3,0.4617926914078048,4,5,True,False,False,14261517.373011336,15561388.179272523,15787116.838624178,1525599.4656128418,225728.65935165435,0.016624250147270533,788346.3569173827,460186.04288106307,28776.23479267059,-51.68361907119582,12780.91939011414,15852067.22761375,1590549.854602415,290679.0483412277,20695.312496627943,-51.353782177143266,-4882.751255775685,15779579.704833312,-55.82264794582871,-21965.823237793054,15786188.57655426
0.5,0.0001,"gamma=0.5, epsilon=0.0001",0.35,6,7,5,S5,高强度综合激励策略,0.6461257554782458,1,0.6461257554782458,2,0.5628815699265045,4,0.42747296786781996,3,5,True,False,False,19966124.32221587,21289258.016568173,21689515.47792957,1723391.1557136998,400257.46136139706,0.012259495555378868,788346.3569173827,462318.14399366325,6802.633510979195,-58.566913736442736,-22054.762083984213,21674399.719966903,1708275.3977510333,385141.7033987306,4145.040733229893,-58.09205506752007,-39708.74541159719,21562948.172392674,-57.848837581371065,-57073.234021012904,21565534.997144293
0.5,0.0001,"gamma=0.5, epsilon=0.0001",0.35,8,9,5,S5,高强度综合激励策略,0.6171095925709558,1,0.6171095925709558,2,0.5888614012429373,4,0.5022357291457633,3,5,True,False,False,25670731.271420408,26974415.285414547,27411031.722851332,1740300.4514309242,436616.43743678555,0.009772289210377195,788346.3569173827,462579.32637995674,651.3835898321004,-58.155286751201885,-57077.77065339708,27381261.14830905,1710529.8768886402,406845.86289450154,401.7498353670651,-58.30174025785704,-74825.41096374171,27261622.682860006,-58.48877725748166,-92285.77463430539,27264049.93234894
0.5,0.0001,"gamma=0.5, epsilon=0.0001",0.35,12,13,5,S4,流失召回强化策略,0.5703676619727155,2,0.5557712301842888,1,0.5703676619727155,3,0.5248345244523598,4,5,False,True,False,37079945.16982948,38270736.84641469,38744316.01146207,1664370.8416325897,473579.16504737735,0.006970884014690485,788346.3569173827,462615.24059046194,-2011.2664949639359,-58.20347681893538,-127538.30533264775,38695815.57671203,1615870.4068825468,425078.7302973345,-1997.2100185643424,-58.069339307936126,-145219.06838657125,38571281.217253864,-58.02222531585114,-162623.23452013568,38573184.5315226
0.5,0.001,"gamma=0.5, epsilon=0.001",0.35,1,2,5,S4,流失召回强化策略,0.5673903457775972,2,0.5544615421063519,1,0.5673903457775972,4,0.512138165647973,3,5,False,True,False,5704606.949204534,6326365.089455291,5943040.651310237,238433.70210570283,-383324.4381450536,0.04076302903599929,784657.4166893873,405945.353740733,50006.44528562582,28.60214070797874,19439.449134185124,6188952.171017899,484345.2218133649,-137412.91843739152,45048.09440790946,8.464170176405773,14234.833322261053,6252789.060566894,-4.975971318899257,6934.205930130731,6293071.622578052
0.5,0.001,"gamma=0.5, epsilon=0.001",0.35,2,3,5,S4,流失召回强化策略,0.5677534048679479,2,0.5654454309208367,1,0.5677534048679479,4,0.49602989639157186,3,5,False,True,False,8556910.4238068,9367810.763603061,9191661.049326967,634750.6255201679,-176149.714276094,0.02749037789246969,784657.4166893873,442781.13583942916,41322.68929004728,-5.569589670531503,17577.405606625223,9372441.960508958,815531.5367021579,4631.196905896068,34548.505710675374,-28.321391484990865,5482.8503265189065,9391784.922834316,-39.099855817218845,-5155.160759313003,9421977.12960555
0.5,0.001,"gamma=0.5, epsilon=0.001",0.35,3,4,5,S4,流失召回强化策略,0.6121308725012323,2,0.555367325119312,1,0.6121308725012323,4,0.530069317310836,3,5,False,True,False,11409213.898409069,12300065.02504789,12330883.423741145,921669.5253320765,30818.398693254218,0.02091157651997325,784657.4166893873,455673.6595739728,30002.68726717475,-40.59625058849102,5027.540970757371,12445608.197473807,1036394.2990647387,145543.17242591642,23106.43200045173,-49.280827726310726,-9789.408522010723,12428221.746674176,-53.717891349609026,-21775.80442799849,12447726.893822538
0.5,0.001,"gamma=0.5, epsilon=0.001",0.35,4,5,5,S5,高强度综合激励策略,0.6357961973651616,1,0.6357961973651616,2,0.5654188665289949,4,0.43697590641931255,3,5,True,False,False,14261517.373011336,15185449.653109482,15367684.70968393,1106167.3366725948,182235.05657444894,0.016980599789105027,784657.4166893873,460186.04288106307,19408.921333397888,-54.1063972565605,-11714.939626371954,15416507.463767946,1154990.09075661,231057.8106584642,12542.111216053416,-53.859657804731306,-26267.120849079278,15356431.270087356,-56.79691718728643,-39123.78796059056,15372101.783002757
0.5,0.001,"gamma=0.5, epsilon=0.001",0.35,6,7,5,S5,高强度综合激励策略,0.6428020035566276,1,0.6428020035566276,2,0.5720167415566436,4,0.4352789568456079,3,5,True,False,False,19966124.32221587,20899315.81478376,21180987.294945497,1214862.972729627,281671.48016173765,0.012487012312181137,784657.4166893873,462318.14399366325,3823.481966273043,-60.05721876527194,-47244.203388629714,21184137.71225976,1218013.3900438882,284821.89747599885,2513.021543278634,-59.60674056286915,-62292.59577326919,21102237.768240318,-59.35092599220512,-75235.37627267942,21117024.772903718
0.5,0.001,"gamma=0.5, epsilon=0.001",0.35,8,9,5,S5,高强度综合激励策略,0.6165283608761464,1,0.6165283608761464,2,0.5973903393419754,4,0.5164310482455955,3,5,True,False,False,25670731.271420408,26583240.981048193,26889948.462248184,1219217.1908277757,306707.48119999096,0.009911222300758846,784657.4166893873,462579.32637995674,364.5597977528894,-58.71752298318856,-82866.78490983765,26885218.612263124,1214487.3408427164,301977.6312149316,297.27563763311036,-58.5143307254695,-97746.81914613117,26797063.375735637,-58.455806028088226,-110610.12740598829,26811793.386540294
0.5,0.001,"gamma=0.5, epsilon=0.001",0.35,12,13,5,S4,流失召回强化策略,0.6013483340223709,2,0.5576322171709224,1,0.6013483340223709,3,0.5237678593435026,4,5,False,True,False,37079945.16982948,37879285.33560811,38221716.34265939,1141771.172829911,342431.00705128163,0.007031991339541515,784657.4166893873,462615.24059046194,-2000.4372050016186,-58.1051717215345,-153191.31624261825,38199054.66021185,1119109.4903823733,319769.32460374385,-1988.9605456005718,-58.02536441407057,-168009.55926334043,38105994.49546464,-57.97123094331003,-180803.61291458574,38120125.27014824
0.5,0.01,"gamma=0.5, epsilon=0.01",0.35,1,2,5,S5,高强度综合激励策略,0.5572853873595482,1,0.5572853873595482,2,0.556938386301751,4,0.49692808672289845,3,5,True,False,False,5704606.949204534,6108289.074347647,5698269.724172654,-6337.225031880662,-410019.3501749933,0.04163543126438278,770557.1809331933,405945.353740733,35282.811008470104,2.0858416921432985,2891.7079866529093,5936805.617092505,232198.6678879708,-171483.4572551418,30739.132696691857,-15.10642970588049,-1061.4841316165403,5999332.269772702,-22.92937827378107,-6090.90741684282,6038824.560437388
0.5,0.01,"gamma=0.5, epsilon=0.01",0.35,2,3,5,S4,流失召回强化策略,0.5656210386519875,2,0.5636618715429798,1,0.5656210386519875,4,0.4965017401785907,3,5,False,True,False,8556910.4238068,9091313.662670795,8817685.128688894,260774.70488209464,-273628.53398190066,0.028090653684514296,770557.1809331933,442781.13583942916,27539.626952030507,-23.496807176314046,-4174.611966976896,9015487.969439775,458577.5456329752,-75825.69323102012,23469.006778089086,-39.38678601728753,-12893.146832205093,9046967.20095984,-47.01785301481509,-20406.160585019825,9081596.557772778
0.5,0.01,"gamma=0.5, epsilon=0.01",0.35,3,4,5,S4,流失召回强化策略,0.569719686611058,2,0.5634083475322444,1,0.569719686611058,4,0.49927814025482525,3,5,False,True,False,11409213.898409069,11995564.766395152,11865460.291227154,456246.39281808585,-130104.47516799718,0.02131604938129454,770557.1809331933,455673.6595739728,20360.837610048195,-48.26305407760872,-18850.34616357938,12021227.016036456,612013.1176273879,25662.249641304836,16073.587382198522,-55.718957004139064,-29904.999804633553,12027719.918074412,-59.130013665480554,-38498.6489171962,12055323.272763023
0.5,0.01,"gamma=0.5, epsilon=0.01",0.35,4,5,5,S4,流失召回强化策略,0.588799502958299,2,0.5635143523744018,1,0.588799502958299,4,0.45349489462335224,3,5,False,True,False,14261517.373011336,14870478.243676899,14846547.401392214,585030.0283808783,-23930.842284685,0.017247603535071238,770557.1809331933,460186.04288106307,13632.881677595644,-59.37151270543663,-37010.09506501036,14953393.486493507,691876.1134821717,82915.2428166084,8560.603482173634,-56.577384909093354,-47092.736298086355,14928880.342764694,-59.63271693619208,-56513.10401296412,14955141.038589617
0.5,0.01,"gamma=0.5, epsilon=0.01",0.35,6,7,5,S5,高强度综合激励策略,0.6033088694227646,1,0.6033088694227646,2,0.596129689243081,4,0.4452800952784862,3,5,True,False,False,19966124.32221587,20580179.753398355,20622478.59033264,656354.2681167684,42298.836934283376,0.012591180122565068,770557.1809331933,462318.14399366325,2811.158038020501,-59.39653866116982,-73055.66685533512,20700023.27314792,733898.9509320483,119843.51974956319,1962.4537352363946,-59.284775195117376,-82747.38697732723,20661334.033385493,-59.11248171882362,-92301.93582271965,20687844.036296666
0.5,0.01,"gamma=0.5, epsilon=0.01",0.35,8,9,5,S4,流失召回强化策略,0.6109956657704043,2,0.5866827157373831,1,0.6109956657704043,4,0.5208599809834835,3,5,False,True,False,25670731.271420408,26263882.26277526,26327521.829039354,656790.5576189458,63639.56626409292,0.009940404749886965,770557.1809331933,462579.32637995674,301.5114319890998,-58.67913702250095,-108597.4879307563,26399593.912061878,728862.6406414695,135711.6492866166,279.36361679326967,-58.352505590936175,-118100.98271538038,26355293.369396254,-58.28728117796438,-127592.62960209697,26382049.73517637
0.5,0.01,"gamma=0.5, epsilon=0.01",0.35,12,13,5,S4,流失召回强化策略,0.6083845238782734,2,0.5405496922067008,1,0.6083845238782734,3,0.5249204462137356,4,5,False,True,False,37079945.16982948,37559899.20895224,37659110.872304656,579165.7024751753,99211.66335241497,0.007009362077196692,770557.1809331933,462615.24059046194,-2001.8254179752191,-57.95525874586463,-178789.90451197687,37713447.54009463,633502.3702651486,153548.33114238828,-1990.670675021727,-57.92400139899433,-188216.35937299393,37664248.52217182,-57.91297433374051,-197703.83620737563,37690415.78596966
0.5,0.05,"gamma=0.5, epsilon=0.05",0.35,1,2,5,S5,高强度综合激励策略,0.5623161017668314,1,0.5623161017668314,2,0.552954247355599,4,0.47693045405124895,3,5,True,False,False,5704606.949204534,5997909.670451706,5519903.820130172,-184703.1290743621,-478005.8503215341,0.041819033827410826,750125.1818147071,405945.353740733,25733.92350935372,-21.176121625268227,-9999.887444300402,5769242.470294855,64635.52109032031,-228667.20015685167,22506.68614292024,-33.98478373016516,-12694.204832323128,5846755.655552821,-39.43173852309846,-17744.62536075813,5890471.868094496
0.5,0.05,"gamma=0.5, epsilon=0.05",0.35,2,3,5,S5,高强度综合激励策略,0.5587392502227114,1,0.5587392502227114,2,0.5573339256607184,4,0.4907020461035254,3,5,True,False,False,8556910.4238068,8961952.31455558,8567652.56703997,10742.143233170733,-394299.7475156095,0.028141143155084217,750125.1818147071,442781.13583942916,20249.22211237534,-39.80589154131778,-21772.439662042918,8794030.580552941,237120.1567461416,-167921.7340026386,18011.52817976523,-49.103140827392615,-27439.217839788034,8853979.325759279,-53.189027762754975,-33817.76919069045,8895464.366691219
0.5,0.05,"gamma=0.5, epsilon=0.05",0.35,3,4,5,S4,流失召回强化策略,0.5666618441041823,2,0.5663235545588793,1,0.5666618441041823,4,0.4951324578846343,3,5,False,True,False,11409213.898409069,11857937.81934775,11574852.298011411,165638.3996023424,-283085.5213363394,0.021275490330211894,750125.1818147071,455673.6595739728,16272.21830551051,-54.13237292316303,-38130.69008677802,11773953.493455004,364739.59504593536,-83984.32589274645,13502.861454868302,-59.89399006686046,-45572.837688694824,11816516.346175006,-62.91010169020985,-52869.5511552933,11852306.28479511
0.5,0.05,"gamma=0.5, epsilon=0.05",0.35,4,5,5,S5,高强度综合激励策略,0.6050258235574193,1,0.6050258235574193,2,0.5509162506254515,4,0.41887090528880694,3,5,True,False,False,14261517.373011336,14730820.693762798,14537588.998964624,276071.62595328875,-193231.69479817338,0.017152701513055018,750125.1818147071,460186.04288106307,11811.148772770612,-62.959193399364764,-57197.288283132424,14694944.106079023,433426.7330676876,-35876.58768377453,7433.86048626627,-54.88076673508245,-62198.55340225855,14709725.324459035,-58.146578361940676,-70425.80820948328,14744521.435248232
0.5,0.05,"gamma=0.5, epsilon=0.05",0.35,6,7,5,S5,高强度综合激励策略,0.5874520243790771,1,0.5874520243790771,2,0.5831000901112509,4,0.4462305845892683,3,5,True,False,False,19966124.32221587,20440502.93742367,20303732.669934202,337608.34771833196,-136770.26748946682,0.012455112874238705,750125.1818147071,462318.14399366325,2624.135519963476,-59.26036764075399,-92689.55401683325,20437483.0985368,471358.77632093057,-3019.8388868682086,1938.9014768851291,-59.269268229538554,-97707.71559342952,20440331.397059754,-59.14424421754264,-106092.9482888754,20475824.675460894
0.5,0.05,"gamma=0.5, epsilon=0.05",0.35,8,9,5,S4,流失召回强化策略,0.5987440368200664,2,0.5603404640133646,1,0.5987440368200664,4,0.518514751935801,3,5,False,True,False,25670731.271420408,26124160.211818334,26008737.98027761,338006.70885720104,-115422.23154072464,0.009799703685081523,750125.1818147071,462579.32637995674,307.78530579022794,-58.59076285998376,-128184.86930522113,26137039.038613666,466307.7671932578,12878.826795332134,272.2908054371326,-58.30198805827212,-132997.19137032563,26134295.882032797,-58.23977176809889,-141352.76111589046,26170026.413263716
0.5,0.05,"gamma=0.5, epsilon=0.05",0.35,12,13,5,S4,流失召回强化策略,0.60131322582979,4,0.5057964379760622,1,0.60131322582979,3,0.523142961727117,2,5,False,True,False,37079945.16982948,37420140.186543316,37340249.08148244,260303.91165295988,-79891.10506087542,0.006884385395301183,750125.1818147071,462615.24059046194,-2003.9305969745549,-57.909261950438854,-198305.8881605107,37450825.0613876,370879.89155811816,30684.874844282866,-1991.9557100876557,-57.90232167505126,-203084.02723187534,37443214.00344329,-57.90397653820606,-211382.29246042343,37478348.43581814
0.75,1e-09,"gamma=0.75, epsilon=1e-09",0.35,1,2,5,S4,流失召回强化策略,0.5592557154383256,2,0.544291076881665,1,0.5592557154383256,4,0.5236317244297407,3,5,False,True,False,5704606.949204534,7021941.505271539,6444513.826726265,739906.877521731,-577427.6785452738,0.038927268454389825,807925.6092975106,405945.353740733,79794.26631323776,100.67305450928717,63146.23968758312,6752189.918940215,1047582.9697356811,-269751.5863313237,78052.58089821899,93.04392571180793,59212.48558177019,6856256.260156862,86.13831673730324,55335.025055145554,6906039.122649787
0.75,1e-09,"gamma=0.75, epsilon=1e-09",0.35,2,3,5,S4,流失召回强化策略,0.5650919254638258,2,0.5537389971210024,1,0.5650919254638258,4,0.5154574672789967,3,5,False,True,False,8556910.4238068,10437940.181477223,10021391.330930805,1464480.9071240053,-416548.85054641776,0.026070329308482375,807925.6092975106,442781.13583942916,76120.44367728631,85.715025766808,88358.79079203805,10295504.830727976,1738594.4069211762,-142435.35074924678,72953.73401683019,51.24325507339256,73692.64362348695,10366891.991486387,25.152008581436572,61849.84199650484,10410264.428311644
0.75,1e-09,"gamma=0.75, epsilon=1e-09",0.35,3,4,5,S4,流失召回强化策略,0.5742889404319577,2,0.5545111579531796,1,0.5742889404319577,4,0.517939667599562,3,5,False,True,False,11409213.898409069,13687500.949527849,13532380.00912698,2123166.1107179113,-155120.94040086865,0.019688836645892126,807925.6092975106,455673.6595739728,69886.60229836663,22.979340140300184,94236.1878304684,13753899.617106207,2344685.718697138,66398.6675783582,64748.49319889282,-7.436359190706458,70437.21090436308,13778869.090742372,-17.056298621770953,55659.63556557469,13807996.085846068
0.75,1e-09,"gamma=0.75, epsilon=1e-09",0.35,4,5,5,S5,高强度综合激励策略,0.6040523872831808,1,0.6040523872831808,2,0.5893180983460926,4,0.46722723891699186,3,5,True,False,False,14261517.373011336,16839674.135173894,16944654.875930764,2683137.502919428,104980.74075686932,0.01590552305356717,807925.6092975106,460186.04288106307,60084.0465085803,-19.961944465387173,87164.08876308653,17077798.20084139,2816280.827830054,238124.06566749513,50810.270215382836,-24.770969289835723,62038.86554813071,17019538.83623218,-27.769582895047588,46427.710349065135,17041764.244470228
0.75,1e-09,"gamma=0.75, epsilon=1e-09",0.35,6,7,5,S5,高强度综合激励策略,0.6417970298515974,1,0.6417970298515974,2,0.5590584631791031,4,0.42626558009833354,3,5,True,False,False,19966124.32221587,23029397.086473923,23336611.903922267,3370487.5817063972,307214.8174483441,0.011695743879892865,807925.6092975106,462318.14399366325,33099.96257731331,-55.869367589908485,59917.56312583329,23380755.078760713,3414630.7565448433,351357.99228679016,30081.285220072597,-42.72757718606542,32718.72950899892,23272879.10530875,-29.22122757399801,18940.25037475163,23291611.742378663
0.75,1e-09,"gamma=0.75, epsilon=1e-09",0.35,8,9,5,S5,高强度综合激励策略,0.6155948439665109,1,0.6155948439665109,2,0.5797498215597003,4,0.4967215533031999,3,5,True,False,False,25670731.271420408,29145703.445573527,29519283.359077845,3848552.0876574367,373579.9135043174,0.009311623216036052,807925.6092975106,462579.32637995674,25728.508105159028,-26.092484439447606,41966.84410910448,29541016.401290458,3870285.1298700497,395312.95571693033,24926.2587302466,-27.860126256097676,14735.957262580283,29421241.095947843,-29.426905632427516,389.06152115785517,29438661.914844416
0.75,1e-09,"gamma=0.75, epsilon=1e-09",0.35,12,13,5,S5,高强度综合激励策略,0.6297224440318654,1,0.6297224440318654,2,0.5637291919566375,3,0.47098135198260177,4,5,True,False,False,37079945.16982948,41180231.25701265,41692320.19120502,4612375.021375537,512088.9341923669,0.006644619450364147,807925.6092975106,462615.24059046194,19282.64505801615,30.461635692448425,18340.31411088421,41655110.30890221,4575165.139072731,474879.0518895611,17718.91915816378,2.2978790406077145,-10943.210102460114,41523031.26233341,-34.94743241358795,-24280.824527165852,41534172.02580356
0.75,0.0001,"gamma=0.75, epsilon=0.0001",0.35,1,2,5,S4,流失召回强化策略,0.5691528622450317,2,0.548523647531879,1,0.5691528622450317,3,0.5401275781095322,4,5,False,True,False,5704606.949204534,6761438.989038949,6295721.245535999,591114.2963314643,-465717.7435029503,0.03970733135901724,807308.1348098483,405945.353740733,70491.25537432254,200.6953318327455,88358.5259399843,6575447.134404265,870840.185199731,-185991.85463468358,66746.85901127492,138.4639409687667,84638.68031422142,6663316.847591254,71.9601726289945,81475.13416942817,6702423.524367455
0.75,0.0001,"gamma=0.75, epsilon=0.0001",0.35,2,3,5,S4,流失召回强化策略,0.5761255358632453,2,0.5549110391930817,1,0.5761255358632453,3,0.532934726552139,4,5,False,True,False,8556910.4238068,9998234.085992556,9756954.519897068,1200044.0960902683,-241279.56609548815,0.026700253931654448,807308.1348098483,442781.13583942916,63761.151364701815,72.17598215621358,109610.73261017594,9983939.178799564,1427028.7549927644,-14294.907192992046,58525.07430401289,23.163089581961618,90970.80374210133,10027463.478758747,-2.3849511827612053,80070.16805403665,10053779.312094629
0.75,0.0001,"gamma=0.75, epsilon=0.0001",0.35,3,4,5,S4,流失召回强化策略,0.6154668384337819,4,0.5499822587805677,1,0.6154668384337819,2,0.5600812425539827,3,5,False,True,False,11409213.898409069,13082792.53582535,13122328.240130404,1713114.3417213354,39535.70430505462,0.020251944393913774,807308.1348098483,455673.6595739728,54250.95489344025,-5.160004082094265,107369.190553035,13263088.807555145,1853874.909146076,180296.27172979526,45314.4619749097,-25.307774881666884,82643.35154842312,13256745.794941358,-36.01107119819455,68505.9810718692,13267424.113161864
0.75,0.0001,"gamma=0.75, epsilon=0.0001",0.35,4,5,5,S5,高强度综合激励策略,0.6156322657529666,1,0.6156322657529666,2,0.5852484791510081,3,0.498513277175976,4,5,True,False,False,14261517.373011336,16038082.062399434,16352039.406660702,2090522.0336493663,313957.34426126815,0.016441610701810286,807308.1348098483,460186.04288106307,40250.40320835292,-37.09620656878332,95478.30215749773,16406468.95543422,2144951.582422884,368386.893034786,31193.049363053186,-43.796680942658654,68934.87289120286,16331734.06415326,-49.87804764056541,53018.63160133804,16334834.414957508
0.75,0.0001,"gamma=0.75, epsilon=0.0001",0.35,6,7,5,S5,高强度综合激励策略,0.6437182455930334,1,0.6437182455930334,2,0.5430406840214395,3,0.44141129749458835,4,5,True,False,False,19966124.32221587,21782698.09454721,22383512.80387112,2417388.4816552512,600814.7093239129,0.01216667396904395,807308.1348098483,462318.14399366325,11225.990423711472,-56.82424899158034,62425.50505801616,22308405.990187846,2342281.667971976,525707.8956406377,6154.08614670686,-57.481348531798794,35010.178772571264,22169928.319525037,-56.909228878771636,18651.949497837108,22163574.58959487
0.75,0.0001,"gamma=0.75, epsilon=0.0001",0.35,8,9,5,S5,高强度综合激励策略,0.6162186516999879,1,0.6162186516999879,2,0.5785107159777166,3,0.505841576967693,4,5,True,False,False,25670731.271420408,27468887.51208686,28122390.090708442,2451658.819288034,653502.5786215812,0.009753586589260002,807308.1348098483,462579.32637995674,985.4063379383254,-57.30187141400873,27919.092500174185,28023145.509715933,2352414.2382955253,554257.9976290725,565.9667478018083,-57.861972351050646,346.12718900397886,27872230.09991856,-58.16546414533557,-16213.199500738876,27865682.340948477
0.75,0.0001,"gamma=0.75, epsilon=0.0001",0.35,12,13,5,S3,私教转化强化策略,0.5473401902874792,2,0.5450231903629242,3,0.5445492071721675,1,0.5473401902874792,4,5,False,False,True,37079945.16982948,38765043.39284421,39456522.02564179,2376576.855812311,691478.6327975839,0.007008338597381574,807308.1348098483,462615.24059046194,-2007.6538236684128,-58.21536522057877,-42424.960809401004,39338724.283154234,2258779.113324754,573680.8903100267,-1998.9043715482915,-58.10713133506557,-70059.99538754905,39182103.860585846,-58.06767033472298,-86582.98984280624,39174906.19247472
0.75,0.001,"gamma=0.75, epsilon=0.001",0.35,1,2,5,S4,流失召回强化策略,0.5702151235979916,2,0.5517069085200211,1,0.5702151235979916,4,0.5225594973987464,3,5,False,True,False,5704606.949204534,6554118.196750573,6158520.406050762,453913.45684622787,-395597.7906998107,0.04032608569729984,803404.4205886559,405945.353740733,62399.19376915201,77.4868326357179,49094.13472547915,6418819.174588298,714212.2253837641,-135299.02216227446,57493.34961049475,55.84664540851634,43283.530461289134,6488788.917670225,33.03431973528268,32960.48691796977,6525180.574635253
0.75,0.001,"gamma=0.75, epsilon=0.001",0.35,2,3,5,S4,流失召回强化策略,0.5825475694948539,2,0.5537376077112003,1,0.5825475694948539,4,0.5152270068819114,3,5,False,True,False,8556910.4238068,9650971.98820087,9528161.106539393,971250.6827325933,-122810.88166147657,0.02717524592170783,803404.4205886559,442781.13583942916,54066.85950005676,32.44820697900704,58576.1125972787,9721887.266176809,1164976.842370009,70915.27797593921,47253.29329867819,-4.864978299477848,41356.86871439117,9734458.251264969,-23.36800935424359,25398.82303976963,9759461.212439032
0.75,0.001,"gamma=0.75, epsilon=0.001",0.35,3,4,5,S5,高强度综合激励策略,0.6087101587212991,1,0.6087101587212991,2,0.5808661490888178,3,0.48691293646261347,4,5,True,False,False,11409213.898409069,12611255.757612118,12776272.473345425,1367058.5749363564,165016.71573330648,0.020676873532451973,803404.4205886559,455673.6595739728,41579.303711278175,-25.360432771896846,50396.90371965285,12872538.536801763,1463324.6383926943,261282.77918964438,31342.074157978124,-41.266005018452866,28360.884214764752,12824904.109135114,-48.397420203975194,10241.740437592554,12834633.523783285
0.75,0.001,"gamma=0.75, epsilon=0.001",0.35,4,5,5,S5,高强度综合激励策略,0.6375535816520163,1,0.6375535816520163,2,0.5676745295066609,3,0.4467048852926011,4,5,True,False,False,14261517.373011336,15506149.665087055,15867154.792414729,1605637.4194033928,361005.12732767314,0.016844147172636083,803404.4205886559,460186.04288106307,25127.18523046707,-48.97501458901082,35064.04152144119,15879613.590674192,1618096.217662856,373463.9255871363,16346.356063816555,-50.12280512322468,12883.890849743853,15780539.58922068,-54.804013097416146,-6573.127176535374,15784572.057380458
0.75,0.001,"gamma=0.75, epsilon=0.001",0.35,6,7,5,S5,高强度综合激励策略,0.6459217187519259,1,0.6459217187519259,2,0.5561386941875657,4,0.4244866132370726,3,5,True,False,False,19966124.32221587,21223366.108701594,21716775.046558954,1750650.7243430838,493408.93785735965,0.012469598255351681,803404.4205886559,462318.14399366325,4706.052249520366,-59.35231515163866,259.5032234467799,21664512.309596553,1698387.9873806834,441146.2008949593,2885.1103892643537,-59.737115652860844,-22706.0275055354,21537331.089701623,-59.38439043253873,-42527.39114871307,21539388.172683146
0.75,0.001,"gamma=0.75, epsilon=0.001",0.35,8,9,5,S5,高强度综合激励策略,0.617010924041119,1,0.617010924041119,2,0.5872207993261616,4,0.506373294415344,3,5,True,False,False,25670731.271420408,26907286.230137207,27428858.13506531,1758126.8636449017,521571.9049281031,0.009946981091646108,803404.4205886559,462579.32637995674,436.4170872879929,-58.79429716928568,-35394.139661577996,27366648.682069197,1695917.4106487893,459362.4519319907,296.69293964767405,-58.523305591956465,-58176.46385914856,27232864.00260864,-58.51412309476839,-77947.17174087919,27234979.747522723
0.75,0.001,"gamma=0.75, epsilon=0.001",0.35,12,13,5,S4,流失召回强化策略,0.5960508718219489,2,0.5580190588609447,1,0.5960508718219489,3,0.5203337577074336,4,5,False,True,False,37079945.16982948,38203358.15572407,38760673.82424108,1680728.654411599,557315.6685170084,0.007098204525217134,803404.4205886559,462615.24059046194,-1999.7131092351021,-58.17726525200137,-105755.01477888867,38680510.32768552,1600565.1578560397,477152.1719614491,-1988.3591490540068,-58.086325284005234,-128429.22919804207,38541847.095802546,-58.02255957087552,-148181.50207122997,38543352.22269053
0.75,0.01,"gamma=0.75, epsilon=0.01",0.35,1,2,5,S4,流失召回强化策略,0.5653945991769256,2,0.5629459336448681,1,0.5653945991769256,4,0.49701322546599613,3,5,False,True,False,5704606.949204534,6209594.855000887,5906093.774804332,201486.825599798,-303501.0801965548,0.04121547734315293,789610.6841821808,405945.353740733,46553.455226212965,28.615359257150658,21392.614035598788,6120023.750276135,415416.801071601,-89571.10472475179,39471.34451113727,6.3227770187252545,14491.974443907704,6159811.99912292,-5.716223410886743,6883.395280279918,6194232.711637858
0.75,0.01,"gamma=0.75, epsilon=0.01",0.35,2,3,5,S4,流失召回强化策略,0.5715792611257331,2,0.5650758965242357,1,0.5715792611257331,4,0.49136601576122557,3,5,False,True,False,8556910.4238068,9207815.847559934,9090468.105335755,533557.6815289557,-117347.74222417921,0.027932772518091283,789610.6841821808,442781.13583942916,34278.64344771264,-6.741595435532376,19254.760810090316,9243464.77239298,686554.3485861812,35648.92483304627,28026.650174815884,-28.301449512989677,5793.177051279024,9241874.782009304,-39.41470923887577,-5227.565532512701,9269312.201327926
0.75,0.01,"gamma=0.75, epsilon=0.01",0.35,3,4,5,S4,流失召回强化策略,0.5936857269941573,2,0.5842116726215139,1,0.5936857269941573,4,0.4979120968530271,3,5,False,True,False,11409213.898409069,12118178.544012573,12172741.232302053,763527.3338929843,54562.688289480284,0.02129181265945855,789610.6841821808,455673.6595739728,23900.529858901948,-41.206724677092296,6626.3409128065105,12269598.252273103,860384.3538640346,151419.7082605306,18126.781504364237,-51.101097719327065,-9953.929207870737,12236855.782128025,-56.83271007190616,-22610.12761009304,12256299.004820272
0.75,0.01,"gamma=0.75, epsilon=0.01",0.35,4,5,5,S5,高强度综合激励策略,0.6428737944578408,1,0.6428737944578408,2,0.5573855389342154,4,0.41982750806178776,3,5,True,False,False,14261517.373011336,14995173.392619934,15168006.415127052,906489.0421157163,172833.02250711806,0.01729599568071908,789610.6841821808,460186.04288106307,15045.621895248392,-57.49888221655953,-10956.315983693115,15209735.795082234,948218.4220708981,214562.4024622999,9350.71165885371,-54.73322188834042,-26643.895953179803,15143691.217511926,-58.921103846512906,-40515.089374650095,15160879.007637061
0.75,0.01,"gamma=0.75, epsilon=0.01",0.35,6,7,5,S5,高强度综合激励策略,0.6439557378732262,1,0.6439557378732262,2,0.5757251528268137,4,0.42741384351237516,3,5,True,False,False,19966124.32221587,20705055.81982755,20951658.937499613,985534.6152837425,246603.1176720634,0.01269534665798766,789610.6841821808,462318.14399366325,3013.307094350718,-59.47214983207338,-46910.307487439364,20960326.399881303,994202.0776654333,255270.58005375415,2049.038267587219,-59.41591642283158,-62806.86257090524,20878256.36387244,-59.12712898927127,-76292.96815313725,20895770.941048633
0.75,0.01,"gamma=0.75, epsilon=0.01",0.35,8,9,5,S5,高强度综合激励策略,0.61719875995599,1,0.61719875995599,2,0.600332018712552,4,0.5157482232850884,3,5,True,False,False,25670731.271420408,26388799.417763934,26656814.93452787,986083.6631074622,268015.5167639367,0.010056595705412114,789610.6841821808,462579.32637995674,302.1637203490694,-58.660610189545814,-82453.05902520416,26659857.62462348,989126.3532030731,271058.20685954764,272.1161120247767,-58.3594523017205,-98177.28680782148,26572255.143599045,-58.344330036853464,-111591.67357475637,26589984.341213267
0.75,0.01,"gamma=0.75, epsilon=0.01",0.35,12,13,5,S4,流失召回强化策略,0.6025188211532037,2,0.5589811432491657,1,0.6025188211532037,3,0.5196776573658222,4,5,False,True,False,37079945.16982948,37684835.46610766,37988453.76823539,908508.5984059125,303618.3021277338,0.00711798813887215,789610.6841821808,462615.24059046194,-2000.7857419780257,-57.98961954857649,-152644.9071657064,37973738.68904211,893793.5192126334,288903.2229344547,-1989.8726555847963,-57.94199157598164,-168325.4707418827,37881256.371581934,-57.924949157815945,-181675.71423539508,37898383.827150084
0.75,0.05,"gamma=0.75, epsilon=0.05",0.35,1,2,5,S5,高强度综合激励策略,0.5649154758265783,1,0.5649154758265783,2,0.5488764706976896,4,0.4762242698864176,3,5,True,False,False,5704606.949204534,6033518.6975459475,5634209.936462561,-70397.01274197362,-399308.76108338684,0.041969081377998534,768829.1496044176,405945.353740733,30829.078631632012,-5.504846497348652,515.0421470293077,5854132.1957571665,149525.2465526322,-179386.50178878102,25968.87236054003,-23.380110530814566,-4505.792894151644,5915318.057493728,-32.672633017726504,-11031.370928976336,5956113.849227891
0.75,0.05,"gamma=0.75, epsilon=0.05",0.35,2,3,5,S5,高强度综合激励策略,0.56593392398527,1,0.56593392398527,2,0.5578830971811349,4,0.4816658393634027,3,5,True,False,False,8556910.4238068,9001840.218299715,8708621.812245484,151711.38843868487,-293218.4060542304,0.028355627284876915,768829.1496044176,442781.13583942916,22928.821503501164,-33.23982299116109,-9276.042395394266,8894963.8523191,338053.4285123013,-106876.36598061398,19575.163440068827,-44.893792147836216,-17959.82449906398,8931710.040482357,-51.86707119201754,-26752.44375924903,8969434.126522012
0.75,0.05,"gamma=0.75, epsilon=0.05",0.35,3,4,5,S4,流失召回强化策略,0.5704638828153211,2,0.567946945786816,1,0.5704638828153211,4,0.4926157252557451,3,5,False,True,False,11409213.898409069,11899331.35422896,11725141.98200449,315928.08359542117,-174189.3722244706,0.021510295338691802,768829.1496044176,455673.6595739728,17199.920586384098,-53.10558110005131,-25351.21536968148,11881096.66372227,471882.76531320065,-18234.690506691113,14127.993906256714,-58.19829614550872,-35635.75770530786,11898236.640035082,-61.94758644525763,-45532.673077756306,11929645.26727872
0.75,0.05,"gamma=0.75, epsilon=0.05",0.35,4,5,5,S5,高强度综合激励策略,0.599995441931537,1,0.599995441931537,2,0.5577189643974528,4,0.41901425516318036,3,5,True,False,False,14261517.373011336,14772192.828555478,14691891.359555865,430373.986544529,-80301.46899961308,0.01738317447981378,768829.1496044176,460186.04288106307,12200.141642529581,-62.11977213146426,-44185.88261497283,14804761.316057641,543243.9430463053,32568.487502163276,7709.0996432789525,-55.55775743021255,-52458.997317382775,14792995.420672955,-57.98716814666022,-63051.06807863456,14823426.556810303
0.75,0.05,"gamma=0.75, epsilon=0.05",0.35,6,7,5,S4,流失召回强化策略,0.6122735590343491,2,0.55587392443822,1,0.6122735590343491,4,0.4537696319346971,3,5,False,True,False,19966124.32221587,20481833.240974464,20459582.94533978,493458.6231239103,-22250.29563468322,0.012660442526292785,768829.1496044176,462318.14399366325,2620.2026281632902,-59.188282113349395,-79625.25783204718,20547623.85554846,581499.53333259,65790.61457399651,1939.5818281793295,-59.24202011257902,-87993.03907316341,20523517.15347039,-59.171321781494015,-98715.582574828,20554751.648084927
0.75,0.05,"gamma=0.75, epsilon=0.05",0.35,8,9,5,S4,流失召回强化策略,0.680428190500041,4,0.46879511820657055,1,0.680428190500041,3,0.5359645943563977,2,5,False,True,False,25670731.271420408,26165486.028239973,26164547.64829121,493816.37687080353,-938.3799487613142,0.009978809712915367,768829.1496044176,462579.32637995674,309.28760782642394,-58.52735750120002,-115113.88313329685,26247223.614876065,576492.3434556574,81737.58663609251,275.097587906061,-58.17305560154442,-123263.80785496789,26217497.166153822,-58.30749708440235,-133964.91183023946,26248966.169756696
0.75,0.05,"gamma=0.75, epsilon=0.05",0.35,12,13,5,S4,流失召回强化策略,0.6246897329879897,3,0.5225806274820195,1,0.6246897329879897,4,0.5201679712359344,2,5,False,True,False,37079945.16982948,37461479.601600125,37496072.81925509,416127.6494256109,34593.21765496582,0.007023779777796958,768829.1496044176,462615.24059046194,-2003.4189514725774,-57.92666578642842,-185257.86697891227,37561029.778571315,481084.60874183476,99550.17697118968,-1991.764353102095,-57.90735606746329,-193358.9875888254,37526431.325052984,-57.9030145452904,-204020.28483900568,37557306.22478182
1.0,1e-09,"gamma=1, epsilon=1e-09",0.35,1,2,5,S4,流失召回强化策略,0.551521134608198,2,0.5421203593077895,1,0.551521134608198,4,0.5256888529312131,3,5,False,True,False,5704606.949204534,7112417.815452404,6491055.261819316,786448.3126147818,-621362.5536330882,0.03917549208776056,819666.5712337376,405945.353740733,83433.79042284332,116.56200812475372,74867.10993425798,6812761.946434484,1108154.9972299496,-299655.86901792046,82199.8843102042,111.90980497045511,68621.34189507988,6928942.208361901,106.78675522529376,66409.92094389425,6981203.102669459
1.0,1e-09,"gamma=1, epsilon=1e-09",0.35,2,3,5,S4,流失召回强化策略,0.5605978842191889,2,0.5526339242642594,1,0.5605978842191889,4,0.5146853223706453,3,5,False,True,False,8556910.4238068,10572664.527793426,10112162.705352234,1555252.2815454341,-460501.82244119234,0.0261994074998061,819666.5712337376,442781.13583942916,80709.22252477055,106.4404498307497,106311.12334310389,10402509.40606913,1845598.9822623301,-170155.12172429636,77662.70204786537,73.08108349365041,89675.69046985658,10486275.20009604,41.47197122908603,77742.88548924515,10531972.276671264
1.0,1e-09,"gamma=1, epsilon=1e-09",0.35,3,4,5,S4,流失召回强化策略,0.574068209937022,2,0.5556622542097573,1,0.574068209937022,4,0.5168413485177493,3,5,False,True,False,11409213.898409069,13852647.370794667,13670010.891389651,2260796.9929805826,-182636.4794050157,0.01976779554413667,819666.5712337376,455673.6595739728,74670.44631843035,39.54489776744831,117066.56321668404,13906865.77670696,2497651.8782978915,54218.40591229312,69384.4425530328,12.133560822535141,92280.99136026035,13941652.610193284,-9.427919522273328,73802.6267699406,13971811.253162574
1.0,1e-09,"gamma=1, epsilon=1e-09",0.35,4,5,5,S5,高强度综合激励策略,0.6014140995713423,1,0.6014140995713423,2,0.5905133287804304,4,0.4695509806831711,3,5,True,False,False,14261517.373011336,17026031.39023707,17125935.610655162,2864418.2376438268,99904.22041809186,0.015962227743677792,819666.5712337376,460186.04288106307,64611.1354993561,-11.68025951893924,112429.41182311776,17265942.23058322,3004424.857571885,239910.8403461501,54412.06302383897,-20.66278733423701,85021.81374324718,17211536.72181046,-24.13182281789583,65679.05315781134,17234980.684862845
1.0,1e-09,"gamma=1, epsilon=1e-09",0.35,6,7,5,S5,高强度综合激励策略,0.6425906903370951,1,0.6425906903370951,2,0.5625118831737786,4,0.4244287566364843,3,5,True,False,False,19966124.32221587,23247018.11606194,23567499.26217068,3601374.93995481,320481.1461087391,0.011747156438413758,819666.5712337376,462318.14399366325,35114.3984521262,-52.676384725022444,87356.03706920717,23612447.93246766,3646323.610251792,365429.816405721,31918.444508813223,-43.9449360738086,57742.31937513512,23501849.960495014,-31.24704947769767,38611.94877238595,23520937.273243833
1.0,1e-09,"gamma=1, epsilon=1e-09",0.35,8,9,5,S5,高强度综合激励策略,0.6168626714949136,1,0.6168626714949136,2,0.5826053608469267,4,0.49168145970337024,3,5,True,False,False,25670731.271420408,29398417.481643338,29783450.93822555,4112719.6668051407,385033.45658221096,0.009361449562731595,819666.5712337376,462579.32637995674,27389.91223570137,-19.740098878873656,70410.81060328858,29805797.92677755,4135066.655357141,407380.44513421133,26634.64456426719,-19.823303698828145,43530.609712619684,29683339.71087718,-20.331684022696503,24165.37829854118,29701137.59644481
1.0,1e-09,"gamma=1, epsilon=1e-09",0.35,12,13,5,S5,高强度综合激励策略,0.6270623210901421,1,0.6270623210901421,2,0.5574752857463592,3,0.5086990467454238,4,5,True,False,False,37079945.16982948,41517637.068578735,42007419.82661641,4927474.656786926,489782.75803767145,0.00668966314869218,819666.5712337376,462615.24059046194,20883.101795991945,-31.15412682743524,36176.81942956871,41984016.52351651,4904071.353687033,466379.4549377784,19905.048721143394,-35.2557566937309,6625.41066892934,41854396.671438456,-37.199077175037786,-14351.106476572575,41868155.63815359
1.0,0.0001,"gamma=1, epsilon=0.0001",0.35,1,2,5,S4,流失召回强化策略,0.5559280739778241,2,0.5543229221448629,1,0.5559280739778241,3,0.5104494906525965,4,5,False,True,False,5704606.949204534,6932473.080626743,6384203.179034649,679596.2298301151,-548269.9015920935,0.03973750062906082,819172.7270862156,405945.353740733,76943.00724285565,102.3659238450316,63395.847451225185,6686929.058113394,982322.10890886,-245544.0225133486,74531.80921340523,93.24129727025671,59299.612067527545,6793875.158462474,84.37679257639547,55564.56552370865,6840112.318838234
1.0,0.0001,"gamma=1, epsilon=0.0001",0.35,2,3,5,S4,流失召回强化策略,0.5781400620082611,2,0.5549939490242729,1,0.5781400620082611,4,0.5114492879984791,3,5,False,True,False,8556910.4238068,10251306.626950061,9928412.122892352,1371501.6990855522,-322894.5040577091,0.026633977764498665,819172.7270862156,442781.13583942916,72573.03996243747,83.76126741461485,88120.5480432729,10183495.263292052,1626584.8394852523,-67811.3636580091,67570.95490671063,78.28223414064696,81240.01469961819,10241223.485438883,39.17989056824982,66292.35818312489,10282209.571506143
1.0,0.0001,"gamma=1, epsilon=0.0001",0.35,3,4,5,S4,流失召回强化策略,0.6227260434709918,4,0.5145971240567435,1,0.6227260434709918,3,0.5486125020305301,2,5,False,True,False,11409213.898409069,13403795.35990822,13377114.091960492,1967900.193551423,-26681.267947727814,0.020164859573972023,819172.7270862156,455673.6595739728,62884.112359258004,36.67505725893043,98103.20557576162,13546334.785966871,2137120.8875578027,142539.42605865188,53800.361562843456,33.74060714956454,90588.64220336796,13553638.167213725,-16.85873122880201,60330.220950524556,13574847.98542027
1.0,0.0001,"gamma=1, epsilon=0.0001",0.35,4,5,5,S5,高强度综合激励策略,0.6174355315842972,1,0.6174355315842972,2,0.5999873986684764,4,0.474944427983257,3,5,True,False,False,14261517.373011336,16410536.76566684,16689931.598116968,2428414.225105632,279394.8324501272,0.016350652851303313,819172.7270862156,460186.04288106307,49027.094269324065,-17.86647494082188,91826.71288039733,16763559.381348096,2502042.00833676,353022.61568125524,39091.76946510531,-30.067715470906112,80813.04242515907,16694923.384145655,-44.412360448014155,46423.36342573457,16707736.797832664
1.0,0.0001,"gamma=1, epsilon=0.0001",0.35,6,7,5,S5,高强度综合激励策略,0.6502091144241482,1,0.6502091144241482,2,0.563764883382722,4,0.4115837362024345,3,5,True,False,False,19966124.32221587,22177881.167861488,22832454.546454266,2866330.2242383957,654573.378592778,0.012105318829266888,819172.7270862156,462318.14399366325,16316.909195316743,-53.6702533954637,61279.683285443694,22753435.037820473,2787310.7156046033,575553.8699589856,9418.38322564045,-55.97712969445358,47898.267625289736,22593680.488463722,-55.89920397752579,13241.82266900444,22595845.717745595
1.0,0.0001,"gamma=1, epsilon=0.0001",0.35,8,9,5,S5,高强度综合激励策略,0.6244309395447576,1,0.6244309395447576,2,0.5838350485277144,4,0.46784554875734663,3,5,True,False,False,25670731.271420408,27865234.82594741,28590195.716887552,2919464.4454671443,724960.8909401409,0.00973573741308399,819172.7270862156,462579.32637995674,1468.7614933857533,-56.261555395432026,27401.680650315597,28478864.589765634,2808133.3183452263,613629.763818223,735.217725101447,-57.33089292566098,13744.587299043778,28302220.775420714,-57.69738855510546,-21152.22707624128,28303167.953175224
1.0,0.0001,"gamma=1, epsilon=0.0001",0.35,12,13,5,S5,高强度综合激励策略,0.6516259018867726,1,0.6516259018867726,2,0.5178184623613529,4,0.39126706405974904,5,3,True,False,False,37079945.16982948,39161880.58524389,39925938.98430138,2845993.8144719005,764058.3990574926,0.0070274514068525635,819172.7270862156,462615.24059046194,-1991.126599928729,-58.29336847576872,-42862.69852933148,39795014.45317615,2715069.283346668,633133.86793226,-1996.6198414625273,-58.20365291221432,-56624.64129337319,39612502.33361157,-58.100282479941974,-91530.2870961274,39612543.578937784
1.0,0.001,"gamma=1, epsilon=0.001",0.35,1,2,5,S4,流失召回强化策略,0.5681828928772202,2,0.5460904931807569,1,0.5681828928772202,4,0.5429481939211187,3,5,False,True,False,5704606.949204534,6730603.323598672,6302394.5017793635,597787.5525748292,-428208.8218193082,0.04005308590363918,816051.4394182423,405945.353740733,71010.45249682061,165.80801707105914,79511.40823836531,6575613.92865513,871006.9794505956,-154989.39494354185,66772.81552761472,95.60075363946699,73933.69932050802,6659662.543295815,72.87654742397436,71699.50203367142,6698187.816737305
1.0,0.001,"gamma=1, epsilon=0.001",0.35,2,3,5,S4,流失召回强化策略,0.573154808110375,2,0.5471744332944484,1,0.573154808110375,4,0.530677584204221,3,5,False,True,False,8556910.4238068,9897875.840493,9761329.233257897,1204418.8094510976,-136546.60723510198,0.02695713102143184,816051.4394182423,442781.13583942916,63347.872749058624,72.00156954633604,100787.46105444312,9961287.225065365,1404376.8012585659,63411.38457236625,55980.691640863595,21.11377196304592,79753.11774377796,9989712.061772298,-3.003439843642608,70120.77523311178,10017902.488117218
1.0,0.001,"gamma=1, epsilon=0.001",0.35,3,4,5,S5,高强度综合激励策略,0.6032481727159186,1,0.6032481727159186,2,0.5815458230578429,3,0.5088671847248796,4,5,True,False,False,11409213.898409069,12887024.9264911,13092761.66717716,1683547.7687680908,205736.740686059,0.020502526796514188,816051.4394182423,455673.6595739728,50410.0369993179,-5.319588554046115,98518.48266968917,13190827.437151793,1781613.5387427248,303802.51066069305,39713.29588091243,-30.20790964835953,69975.84654324851,13147178.347426122,-41.4061460354001,57007.132648782455,13156951.648731448
1.0,0.001,"gamma=1, epsilon=0.001",0.35,4,5,5,S5,高强度综合激励策略,0.6354500875362117,1,0.6354500875362117,2,0.557299916278706,3,0.4554488690865313,4,5,True,False,False,14261517.373011336,15791916.736397687,16253721.681206625,1992204.3081952892,461804.9448089376,0.016707259687137415,816051.4394182423,460186.04288106307,32617.101866631172,-42.198020524463736,85159.74183481518,16236960.03377773,1975442.6607663948,445043.2973800432,20493.827288163553,-46.67300389950338,55419.72436604655,16129850.621603863,-52.38517315774773,40835.575377308414,16132366.980098333
1.0,0.001,"gamma=1, epsilon=0.001",0.35,6,7,5,S5,高强度综合激励策略,0.6451444157131012,1,0.6451444157131012,2,0.544884753854254,3,0.4273216418054126,4,5,True,False,False,19966124.32221587,21512798.942636024,22140383.013919234,2174258.6917033643,627584.0712832101,0.01242413004515348,816051.4394182423,462318.14399366325,5683.58366985123,-58.217182906860394,51263.04246277397,22043319.191956583,2077194.8697407134,530520.2493205592,3381.8350323814498,-59.67700815656678,20429.92130462476,21898396.058596924,-59.209057344339406,5304.9921260115225,21897917.8576716
1.0,0.001,"gamma=1, epsilon=0.001",0.35,8,9,5,S5,高强度综合激励策略,0.6127431284235284,1,0.6127431284235284,2,0.5788531844447711,3,0.5130743459408476,4,5,True,False,False,25670731.271420408,27196649.56284571,27855844.547348615,2185113.2759282067,659194.9845029041,0.009947958477423038,816051.4394182423,462579.32637995674,516.3305787883467,-58.77664750243452,15614.759508372284,27747205.454195045,2076474.182774637,550555.8913493343,337.94954963621103,-58.48063413930441,-15036.735127546592,27594686.18137717,-58.528790317529634,-30110.71818311792,27594180.16415126
1.0,0.001,"gamma=1, epsilon=0.001",0.35,12,13,5,S4,流失召回强化策略,0.5897564892030884,2,0.5520578592871533,1,0.5897564892030884,3,0.5322089476005541,4,5,False,True,False,37079945.16982948,38492667.822450966,39187589.87481793,2107644.70498845,694922.0523669645,0.007130364862659502,816051.4394182423,462615.24059046194,-1998.7293096373437,-58.107715806728386,-54713.90151193412,39061356.11021513,1981410.9403856471,568688.2877641618,-1987.9575688273828,-58.10978189693444,-85327.15066336899,38903593.28766785,-58.066670953705206,-100325.04071480827,38902589.408505924
1.0,0.01,"gamma=1, epsilon=0.01",0.35,1,2,5,S4,流失召回强化策略,0.571905056796165,2,0.5603603912660987,1,0.571905056796165,4,0.5084784639639748,3,5,False,True,False,5704606.949204534,6314858.164358116,6062938.888618118,358331.93941358384,-251919.27573999763,0.04080984758220552,801641.0681352848,405945.353740733,55466.80445428212,57.23564378214737,40376.28434612352,6274039.911480342,569432.9622758077,-40818.25287777372,47709.157913979,29.753983361295962,31131.35191578258,6311992.004412169,11.454909097805732,20709.465808680863,6341782.947890333
1.0,0.01,"gamma=1, epsilon=0.01",0.35,2,3,5,S4,流失召回强化策略,0.6266012924517095,4,0.5069797297427671,1,0.6266012924517095,3,0.542380862476765,2,5,False,True,False,8556910.4238068,9328459.454705844,9318125.95952722,761215.535720421,-10333.495178623125,0.027684302115573663,801641.0681352848,442781.13583942916,41790.716202259995,10.405353697742743,43363.20099969648,9442061.605487144,885151.181680344,113602.15078129992,32649.489295578198,-16.438647073164155,25963.743989193026,9429104.834845742,-32.12794575885986,10739.203121688071,9449970.772235068
1.0,0.01,"gamma=1, epsilon=0.01",0.35,3,4,5,S5,高强度综合激励策略,0.6164567400052984,1,0.6164567400052984,2,0.5757643502201816,3,0.4810273583623855,4,5,True,False,False,11409213.898409069,12244472.161160924,12435455.432957202,1026241.5345481336,190983.27179627866,0.021166050781229753,801641.0681352848,455673.6595739728,27490.837951624377,-33.944393947069514,32840.18031437346,12489409.75320635,1080195.8547972813,244937.59204542637,20294.462524285645,-47.2101602656836,11468.554095613654,12438628.346768938,-53.640176198471885,-5808.176549067488,12449511.042152451
1.0,0.01,"gamma=1, epsilon=0.01",0.35,4,5,5,S5,高强度综合激励策略,0.6488865365191333,1,0.6488865365191333,2,0.5539773463288599,4,0.42216165833968566,3,5,True,False,False,14261517.373011336,15123721.054481937,15445322.094794154,1183804.7217828184,321601.04031221755,0.01724575577284335,801641.0681352848,460186.04288106307,16517.25457916415,-53.97873328896359,16181.089307043527,15437514.020365264,1175996.6473539285,313792.96588332765,10151.78595889481,-54.22963992488823,-5127.823930293322,15350963.445130557,-57.623954934623455,-23380.41707270639,15359444.110657826
1.0,0.01,"gamma=1, epsilon=0.01",0.35,6,7,5,S5,高强度综合激励策略,0.6469722808846137,1,0.6469722808846137,2,0.5674146193416004,4,0.4205907107272212,3,5,True,False,False,19966124.32221587,20834190.413568415,21236738.698354855,1270614.3761389852,402548.28478644043,0.012714443325942262,801641.0681352848,462318.14399366325,3237.382337176212,-60.23449259256904,-19648.682351629483,21192110.32269494,1225986.0004790686,357919.9091265239,2166.994608259975,-59.5447357976806,-41266.30427468172,21088164.424106598,-59.29065580712242,-59506.928367978195,21096514.519543327
1.0,0.01,"gamma=1, epsilon=0.01",0.35,8,9,5,S5,高强度综合激励策略,0.6181646712972257,1,0.6181646712972257,2,0.5918312974115413,4,0.5103214383842755,3,5,True,False,False,25670731.271420408,26517944.12530217,26942388.106952913,1271656.835532505,424443.98165074363,0.01009993911741918,801641.0681352848,462579.32637995674,306.5291079036833,-58.691897736786395,-55238.97049211059,26891717.91286529,1220986.6414448805,373773.7875631191,270.8753775379451,-58.41737863333053,-76639.02909438952,26782186.378570616,-58.351146747600644,-94820.60016652732,26790770.539084237
1.0,0.01,"gamma=1, epsilon=0.01",0.35,12,13,5,S4,流失召回强化策略,0.5962231095909772,2,0.5588040614291561,1,0.5962231095909772,3,0.516073911019561,4,5,False,True,False,37079945.16982948,37813996.250591725,38274046.569545805,1194101.399716325,460050.31895408034,0.007171214382223258,801641.0681352848,462615.24059046194,-2000.0134293856954,-58.02293952317908,-125460.89478118252,38205614.73542566,1125669.5655961782,391618.4848339334,-1989.296140002694,-57.94845836549333,-146817.81723698578,38091203.7032669,-57.93549799978657,-164939.1239619617,38099188.685207315
1.0,0.05,"gamma=1, epsilon=0.05",0.35,1,2,5,S5,高强度综合激励策略,0.5679927365346521,1,0.5679927365346521,2,0.5484584144893084,4,0.4752600024079596,3,5,True,False,False,5704606.949204534,6069567.603795228,5751911.157451539,47304.20824700501,-317656.4463436883,0.041821959229981706,781820.5036782594,405945.353740733,36031.43486371292,11.103689729442843,12206.073405447241,5947257.782116413,242650.83291187882,-122309.82167881448,29510.885698212733,-11.873508477563725,4148.214032276155,5985718.933076652,-22.490107702469043,-3136.8143761350366,6020928.667583576
1.0,0.05,"gamma=1, epsilon=0.05",0.35,2,3,5,S5,高强度综合激励策略,0.5700448438724048,1,0.5700448438724048,2,0.5608369715899182,4,0.4835583744571682,3,5,True,False,False,8556910.4238068,9041864.161553107,8851897.629638482,294987.2058316823,-189966.53191462532,0.02836553024815524,781820.5036782594,442781.13583942916,25514.254797219557,-23.887043110687515,5104.275373138225,9003515.511922067,446605.08811526746,-38348.64963104017,21139.3027419381,-41.285561328839364,-8260.457346436131,9013996.232766787,-48.74615198104182,-17899.858434851107,9045503.472216591
1.0,0.05,"gamma=1, epsilon=0.05",0.35,3,4,5,S4,流失召回强化策略,0.5786169106583341,2,0.5595346447383805,1,0.5786169106583341,4,0.4948339791897228,3,5,False,True,False,11409213.898409069,11941453.957628798,11880276.574559227,471062.67615015805,-61177.38306957111,0.021582389235823993,781820.5036782594,455673.6595739728,18366.115514368175,-49.956958932356976,-10031.602886077657,11995179.051043749,585965.1526346803,53725.093414951116,14660.492252986509,-56.284072775089875,-25386.175296260568,11984221.927322648,-61.14343717888107,-36485.263873990916,12009363.929670474
1.0,0.05,"gamma=1, epsilon=0.05",0.35,4,5,5,S5,高强度综合激励策略,0.6147152986990321,1,0.6147152986990321,2,0.5746470953547133,4,0.41555628601039013,3,5,True,False,False,14261517.373011336,14814583.720246851,14850719.783117544,589202.4101062082,36136.06287069246,0.017481998947478206,781820.5036782594,460186.04288106307,12578.390870177467,-61.83126603190586,-28826.535429243348,14920987.343980879,659469.9709695429,106403.62373402715,7929.042771234614,-57.037224141381564,-42647.031124158704,14880520.098092046,-58.01081600192318,-53999.96077277709,14904117.424094012
1.0,0.05,"gamma=1, epsilon=0.05",0.35,6,7,5,S5,高强度综合激励策略,0.6301014859704887,1,0.6301014859704887,2,0.5869000265965755,4,0.4302730880485523,3,5,True,False,False,19966124.32221587,20524233.29579421,20620212.82393155,654088.5017156787,95979.52813733742,0.01276960033943777,781820.5036782594,462318.14399366325,2639.505027390387,-59.255360794397546,-64251.94813686237,20664307.960207123,698183.6379912533,140074.66441291198,1943.064123330225,-59.294568121155685,-78216.64025018073,20611248.31011271,-59.164068707170486,-89692.90995268419,20635419.10815557
1.0,0.05,"gamma=1, epsilon=0.05",0.35,8,9,5,S5,高强度综合激励策略,0.609173047637446,1,0.609173047637446,2,0.599858601642875,4,0.5059512625578425,3,5,True,False,False,25670731.271420408,26207923.338108152,26325176.198615786,654444.9271953776,117252.86050763354,0.010082226806229628,781820.5036782594,462579.32637995674,310.3912055265456,-58.58572675497893,-99766.9800858238,26363915.820316263,693184.5488958545,155992.4822081104,277.530481129606,-58.32476993588592,-113551.26369393093,26305258.760573752,-58.14359117206521,-124914.44685416401,26329652.005412064
1.0,0.05,"gamma=1, epsilon=0.05",0.35,12,13,5,S4,流失召回强化策略,0.6010070722973473,2,0.5579638275326864,1,0.6010070722973473,3,0.5131805829955889,4,5,False,True,False,37079945.16982948,37503928.302794956,37656738.40998374,576793.2401542589,152810.1071887836,0.007110093461013825,781820.5036782594,462615.24059046194,-2002.8201285622822,-57.93082656614316,-169880.94193601492,37677734.76998262,597789.6001531407,173806.4671876654,-1991.5392544519962,-57.91154846677105,-183650.97864448826,37614205.94797431,-57.907537685915464,-194982.73646393092,37638002.54097394
