观察期标签,delay_window_count,总窗口数,窗口1权重,延期窗口权重,延续活跃系数,策略编号,策略名称,p0,p1,Pmax,兑换概率,窗口1会员收入,窗口1私教收入,延期窗口会员收入合计,延期窗口私教收入合计,会员收入,私教收入,积分成本,平台利润,总活跃度提升,总线上活跃提升,最终续费概率提升,最终私教购买概率提升,私教期望购买人数提升,私教收入提升,成本收入比,是否利润非负,是否满足成本约束,gamma_kappa,epsilon_kappa,kappa情景
KAPPA,1,2,1.0,1.0,0.35,S0,无积分基准策略,0,0,0,0.0,8076026.680760961,85647.12111976856,8076026.680760961,85647.12111976856,16152053.361521922,171294.24223953712,0.0,5704606.949204534,0.0,0.0,0.0,0.0,0.0,0.0,0.0,True,True,0.25,1e-09,"gamma=0.25, epsilon=1e-09"
KAPPA,1,2,1.0,1.0,0.35,S1,低补贴保留策略,6,2,120,0.3,9422358.643123476,91616.27675636509,9285267.512798347,77743.82031216165,18707626.155921824,169360.09706852672,62944.33688910638,6535532.846804089,55475.6624538752,140188.1314376099,44887.660827432825,-24.940219886665172,-24.940219886665172,-1934.145171010401,0.0033344484148858885,True,True,0.25,1e-09,"gamma=0.25, epsilon=1e-09"
KAPPA,1,2,1.0,1.0,0.35,S2,均衡促活策略,10,4,220,0.5,9529259.825299116,98075.1648279659,9404221.24341053,89327.38943198933,18933481.068709645,187402.55425995524,257390.09372082463,6425549.046605538,134732.39808271662,404344.9176002143,49285.63330140349,12.984815356167967,12.984815356167967,16108.312020418118,0.01346120288142051,True,True,0.25,1e-09,"gamma=0.25, epsilon=1e-09"
KAPPA,1,2,1.0,1.0,0.35,S3,私教转化强化策略,9,4,260,0.55,9529718.722816005,98321.68972483216,9418608.287438791,90651.75156862623,18948327.010254797,188973.4412934584,308117.5598365951,6380488.92614062,146917.78026927108,482891.1502344184,49818.80606950095,17.301823761328787,17.301823761328787,17679.19905392127,0.01610036695701601,True,True,0.25,1e-09,"gamma=0.25, epsilon=1e-09"
KAPPA,1,2,1.0,1.0,0.35,S4,流失召回强化策略,12,5,300,0.6,9578577.329993805,99599.958980849,9468727.741855005,94694.41750990837,19047305.07184881,194294.37649075736,432840.8720834449,6292004.216010866,219814.70189014787,682187.1784496371,51609.81934483312,30.558064061655973,30.558064061655973,23000.13425122024,0.02249505677766286,True,True,0.25,1e-09,"gamma=0.25, epsilon=1e-09"
KAPPA,1,2,1.0,1.0,0.35,S5,高强度综合激励策略,16,7,420,0.7,9642995.949044723,97128.68664881898,9530226.005841358,98181.83515092381,19173221.95488608,195310.5217997428,753520.0956363467,6015700.745113703,405945.353740733,1298494.8434916656,53843.04467260155,42.275042974959895,42.275042974959895,24016.279560205672,0.038904346343398476,True,True,0.25,1e-09,"gamma=0.25, epsilon=1e-09"
KAPPA,1,2,1.0,1.0,0.35,S0,无积分基准策略,0,0,0,0.0,8076026.680760961,85647.12111976856,8076026.680760961,85647.12111976856,16152053.361521922,171294.24223953712,0.0,5704606.949204534,0.0,0.0,0.0,0.0,0.0,0.0,0.0,True,True,0.25,0.0001,"gamma=0.25, epsilon=0.0001"
KAPPA,1,2,1.0,1.0,0.35,S1,低补贴保留策略,6,2,120,0.3,8921429.82411556,76809.42834219184,8751376.686211588,71236.27161300149,17672806.510327145,148045.69995519333,62871.16831313281,6167024.820287926,55475.6624538752,140188.1314376099,24325.924197726457,-47.2897939952999,-47.2897939952999,-23248.5422843438,0.0035279552050186003,True,True,0.25,0.0001,"gamma=0.25, epsilon=0.0001"
KAPPA,1,2,1.0,1.0,0.35,S2,均衡促活策略,10,4,220,0.5,9063832.0025861,82355.95495285686,8903243.478486024,76114.58495827323,17967075.481072124,158470.5399111301,257200.65843464035,6078816.921913941,134732.39808271662,404344.9176002143,29893.401983896674,-31.682376595367888,-31.682376595367888,-12823.702328407031,0.014189953678465133,True,True,0.25,0.0001,"gamma=0.25, epsilon=0.0001"
KAPPA,1,2,1.0,1.0,0.35,S3,私教转化强化策略,9,4,260,0.55,9072319.035116779,82740.74939741903,8913931.669636322,76530.29396293672,17986250.7047531,159271.04336035575,307930.8012238645,6035038.258447827,146917.78026927108,482891.1502344184,30288.444900245137,-30.40579846732825,-30.40579846732825,-12023.198879181378,0.016970071486419467,True,True,0.25,0.0001,"gamma=0.25, epsilon=0.0001"
KAPPA,1,2,1.0,1.0,0.35,S4,流失召回强化策略,12,5,300,0.6,9134524.439559588,84392.09494734244,8984241.03087473,78198.00465264889,18118765.470434316,162590.09959999134,432578.54498772806,5957766.39954428,219814.70189014787,682187.1784496371,32866.90246718191,-24.874188237926276,-24.874188237926276,-8704.142639545782,0.02366227949183291,True,True,0.25,0.0001,"gamma=0.25, epsilon=0.0001"
KAPPA,1,2,1.0,1.0,0.35,S5,高强度综合激励策略,16,7,420,0.7,9221729.790174305,81999.14889611963,9072658.975466117,82615.24324800096,18294388.765640423,164614.3921441206,753116.0387282613,5699304.346889122,405945.353740733,1298494.8434916656,36139.4683592501,-10.12975029803076,-10.12975029803076,-6679.850095416536,0.04079938836841558,True,True,0.25,0.0001,"gamma=0.25, epsilon=0.0001"
KAPPA,1,2,1.0,1.0,0.35,S0,无积分基准策略,0,0,0,0.0,8076026.680760961,85647.12111976856,8076026.680760961,85647.12111976856,16152053.361521922,171294.24223953712,0.0,5704606.949204534,0.0,0.0,0.0,0.0,0.0,0.0,0.0,True,True,0.25,0.001,"gamma=0.25, epsilon=0.001"
KAPPA,1,2,1.0,1.0,0.35,S1,低补贴保留策略,6,2,120,0.3,8807313.80268633,76201.63536472959,8667588.293841887,71094.5855762946,17474902.096528217,147296.2209410242,62346.09509673599,6098058.504970447,55475.6624538752,140188.1314376099,21148.792614104295,-47.73183093010628,-47.73183093010628,-23998.021298512933,0.003537929489474139,True,True,0.25,0.001,"gamma=0.25, epsilon=0.001"
KAPPA,1,2,1.0,1.0,0.35,S2,均衡促活策略,10,4,220,0.5,8920612.101669317,80495.00725295403,8795259.608403195,75504.55513413831,17715871.71007251,155999.56238709233,255848.0112919721,5991506.955949533,134732.39808271662,404344.9176002143,25787.13751490724,-33.827265699348786,-33.827265699348786,-15294.679852444795,0.014315681183661591,True,True,0.25,0.001,"gamma=0.25, epsilon=0.001"
KAPPA,1,2,1.0,1.0,0.35,S3,私教转化强化策略,9,4,260,0.55,8927395.836572135,81370.77710742573,8803878.579303138,75962.4893684636,17731274.41587527,157333.26647588934,306599.87133093644,5946546.154168175,146917.78026927108,482891.1502344184,26087.973767314063,-32.2578833383342,-32.2578833383342,-13960.975763647788,0.01713939266684387,True,True,0.25,0.001,"gamma=0.25, epsilon=0.001"
KAPPA,1,2,1.0,1.0,0.35,S4,流失召回强化策略,12,5,300,0.6,8977795.53119703,83055.58349480333,8860165.185356988,77418.90946995099,17837960.716554016,160474.49296475432,430704.43809176434,5860724.160591567,219814.70189014787,682187.1784496371,28123.275968268455,-27.484229879312558,-27.484229879312558,-10819.749274782807,0.023930104649540818,True,True,0.25,0.001,"gamma=0.25, epsilon=0.001"
KAPPA,1,2,1.0,1.0,0.35,S5,高强度综合激励策略,16,7,420,0.7,9061810.158322526,80550.44615013055,8927946.489545425,81297.48721095506,17989756.64786795,161847.9333610856,750293.5634188744,5594675.643343234,405945.353740733,1298494.8434916656,30603.136576288085,-14.634126877722112,-14.634126877722112,-9446.308878451528,0.041334834067218995,True,True,0.25,0.001,"gamma=0.25, epsilon=0.001"
KAPPA,1,2,1.0,1.0,0.35,S0,无积分基准策略,0,0,0,0.0,8076026.680760961,85647.12111976856,8076026.680760961,85647.12111976856,16152053.361521922,171294.24223953712,0.0,5704606.949204534,0.0,0.0,0.0,0.0,0.0,0.0,0.0,True,True,0.25,0.01,"gamma=0.25, epsilon=0.01"
KAPPA,1,2,1.0,1.0,0.35,S1,低补贴保留策略,6,2,120,0.3,8671279.743490234,74177.2803193626,8558951.882431438,70067.60956174933,17230231.625921674,144244.8898811119,60007.53326906876,6013847.00276785,55475.6624538752,140188.1314376099,17200.161761108666,-51.48687484239977,-51.48687484239977,-27049.35235842521,0.0034537750368760457,True,True,0.25,0.01,"gamma=0.25, epsilon=0.01"
KAPPA,1,2,1.0,1.0,0.35,S2,均衡促活策略,10,4,220,0.5,8773474.829456417,77618.38356562163,8659038.608271424,73673.68159477605,17432513.43772784,151292.06516039767,249787.5594705866,5896979.763282277,134732.39808271662,404344.9176002143,20762.58587090677,-40.291506203380955,-40.291506203380955,-20002.177079139452,0.014205546087822549,True,True,0.25,0.01,"gamma=0.25, epsilon=0.01"
KAPPA,1,2,1.0,1.0,0.35,S3,私教转化强化策略,9,4,260,0.55,8780252.66712775,78074.70430538146,8666484.628519943,73936.02548272173,17446737.295647696,152010.7297881032,300655.8703631164,5851305.402050008,146917.78026927108,482891.1502344184,21039.15820128453,-39.52821116554879,-39.52821116554879,-19283.512451433926,0.017083935171329966,True,True,0.25,0.01,"gamma=0.25, epsilon=0.01"
KAPPA,1,2,1.0,1.0,0.35,S4,流失召回强化策略,12,5,300,0.6,8821917.053003784,80360.7326611462,8721813.84361607,75340.43494445921,17543730.896619856,155701.1676056054,422408.07402727875,5764608.090071353,219814.70189014787,682187.1784496371,23024.99206605829,-34.976133003304135,-34.976133003304135,-15593.074633931712,0.02386562871026018,True,True,0.25,0.01,"gamma=0.25, epsilon=0.01"
KAPPA,1,2,1.0,1.0,0.35,S5,高强度综合激励策略,16,7,420,0.7,8887837.648235148,78619.26572889017,8780748.44984668,77927.10171067077,17668586.098081827,156546.36743956094,738093.1873017807,5492875.857258727,405945.353740733,1298494.8434916656,25153.79779285323,-26.174182830684288,-26.174182830684288,-14747.874799976184,0.041407444726116446,True,True,0.25,0.01,"gamma=0.25, epsilon=0.01"
KAPPA,1,2,1.0,1.0,0.35,S0,无积分基准策略,0,0,0,0.0,8076026.680760961,85647.12111976856,8076026.680760961,85647.12111976856,16152053.361521922,171294.24223953712,0.0,5704606.949204534,0.0,0.0,0.0,0.0,0.0,0.0,0.0,True,True,0.25,0.05,"gamma=0.25, epsilon=0.05"
KAPPA,1,2,1.0,1.0,0.35,S1,低补贴保留策略,6,2,120,0.3,8576273.093982743,72608.76404949564,8501617.974175641,69215.54398172555,17077891.068158384,141824.3080312212,57106.77901265829,5962702.387252142,55475.6624538752,140188.1314376099,15166.492964579284,-54.6947780147239,-54.6947780147239,-29469.934208315914,0.0033163602164773373,True,True,0.25,0.05,"gamma=0.25, epsilon=0.05"
KAPPA,1,2,1.0,1.0,0.35,S2,均衡促活策略,10,4,220,0.5,8648980.744294118,74881.46947364845,8570541.779471183,72165.7093816014,17219522.523765303,147047.17885524983,241543.49464766285,5829403.542326768,134732.39808271662,404344.9176002143,17620.147365669836,-45.57499392217593,-45.57499392217593,-24247.063384287292,0.013908532242335387,True,True,0.25,0.05,"gamma=0.25, epsilon=0.05"
KAPPA,1,2,1.0,1.0,0.35,S3,私教转化强化策略,9,4,260,0.55,8654329.65367427,75332.06397868885,8574065.657084115,72457.30137025511,17228395.310758382,147789.36534894397,292542.51464533445,5781732.653724782,146917.78026927108,482891.1502344184,17746.56813672478,-44.615999702728246,-44.615999702728246,-23504.87689059315,0.01683583134608298,True,True,0.25,0.05,"gamma=0.25, epsilon=0.05"
KAPPA,1,2,1.0,1.0,0.35,S4,流失召回强化策略,12,5,300,0.6,8689233.6110093,77254.71959520817,8612773.049345003,73140.34622510399,17302006.6603543,150395.06582031216,411030.16337548336,5689790.687494615,219814.70189014787,682187.1784496371,19109.662805732856,-42.403634627592055,-42.403634627592055,-20899.17641922497,0.023551495652259256,True,True,0.25,0.05,"gamma=0.25, epsilon=0.05"
KAPPA,1,2,1.0,1.0,0.35,S5,高强度综合激励策略,16,7,420,0.7,8746830.938412841,75651.5213977047,8654798.944868322,75205.47409304987,17401629.883281164,150856.99549075455,720745.4960063803,5415082.061789254,405945.353740733,1298494.8434916656,20594.971096828,-35.68051950535754,-35.68051950535754,-20437.246748782578,0.04106230080012503,True,True,0.25,0.05,"gamma=0.25, epsilon=0.05"
KAPPA,1,2,1.0,1.0,0.35,S0,无积分基准策略,0,0,0,0.0,8076026.680760961,85647.12111976856,8076026.680760961,85647.12111976856,16152053.361521922,171294.24223953712,0.0,5704606.949204534,0.0,0.0,0.0,0.0,0.0,0.0,0.0,True,True,0.5,1e-09,"gamma=0.5, epsilon=1e-09"
KAPPA,1,2,1.0,1.0,0.35,S1,低补贴保留策略,6,2,120,0.3,9906656.922155626,104090.3292158732,9736994.28518477,85859.05702046954,19643651.207340397,189949.38623634272,68463.38854754159,6863799.3498925,55475.6624538752,140188.1314376099,61944.79748866788,3.586224627825519,3.586224627825519,18655.143996805593,0.003451889041756441,True,True,0.5,1e-09,"gamma=0.5, epsilon=1e-09"
KAPPA,1,2,1.0,1.0,0.35,S2,均衡促活策略,10,4,220,0.5,10004916.25292711,108277.198504514,9890237.434266537,102751.75155914796,19895153.687193647,211028.95006366196,273175.976635938,6753436.498900937,134732.39808271662,404344.9176002143,67509.86314916264,59.08247420865571,59.08247420865571,39734.70782412484,0.013586665433434163,True,True,0.5,1e-09,"gamma=0.5, epsilon=1e-09"
KAPPA,1,2,1.0,1.0,0.35,S3,私教转化强化策略,9,4,260,0.55,9998574.805257369,108552.48414130916,9900917.268143473,103558.80593140128,19899492.07340084,212111.29007271043,323755.3396197923,6704700.2730923155,146917.78026927108,482891.1502344184,67902.11633382381,61.64337404058571,61.64337404058571,40817.0478331733,0.01609793778092267,True,True,0.5,1e-09,"gamma=0.5, epsilon=1e-09"
KAPPA,1,2,1.0,1.0,0.35,S4,流失召回强化策略,12,5,300,0.6,10037588.970241684,110154.84747379874,9949384.265429216,106107.73926110649,19986973.2356709,216262.58673490523,455576.49851949443,6604742.909985793,219814.70189014787,682187.1784496371,69665.99737848772,69.88676071095254,69.88676071095254,44968.3444953681,0.02254967979011811,True,True,0.5,1e-09,"gamma=0.5, epsilon=1e-09"
KAPPA,1,2,1.0,1.0,0.35,S5,高强度综合激励策略,16,7,420,0.7,10093591.118145987,111681.44319635516,9999087.862351252,108436.27450668022,20092678.98049724,220117.7177030354,788873.9182760085,6309599.040208936,405945.353740733,1298494.8434916656,71494.38991246605,77.36412958128315,77.36412958128315,48823.47546349827,0.03883630255335067,True,True,0.5,1e-09,"gamma=0.5, epsilon=1e-09"
KAPPA,1,2,1.0,1.0,0.35,S0,无积分基准策略,0,0,0,0.0,8076026.680760961,85647.12111976856,8076026.680760961,85647.12111976856,16152053.361521922,171294.24223953712,0.0,5704606.949204534,0.0,0.0,0.0,0.0,0.0,0.0,0.0,True,True,0.5,0.0001,"gamma=0.5, epsilon=0.0001"
KAPPA,1,2,1.0,1.0,0.35,S1,低补贴保留策略,6,2,120,0.3,9475248.368231174,91023.25851645542,9221084.131323041,76380.92216750153,18696332.499554217,167404.18068395695,68351.35240807806,6525586.276641084,55475.6624538752,140188.1314376099,42027.90267789927,-29.465742023899924,-29.465742023899924,-3890.061555580178,0.003623425918560641,True,True,0.5,0.0001,"gamma=0.5, epsilon=0.0001"
KAPPA,1,2,1.0,1.0,0.35,S2,均衡促活策略,10,4,220,0.5,9634348.662632495,102110.4644196299,9448360.679420868,89319.28237695013,19082709.34205336,191429.74679658003,272906.67197193403,6463470.521785716,134732.39808271662,404344.9176002143,50513.120233428155,13.171090685213198,13.171090685213198,20135.504557042907,0.014159214619853509,True,True,0.5,0.0001,"gamma=0.5, epsilon=0.0001"
KAPPA,1,2,1.0,1.0,0.35,S3,私教转化强化策略,9,4,260,0.55,9638961.008765288,102492.66569020225,9470072.776542393,90048.367474567,19109033.785307683,192541.03316476924,323491.9917774746,6422432.143029644,146917.78026927108,482891.1502344184,51341.86980721768,15.621016074665722,15.621016074665722,21246.79092523211,0.01675987554486376,True,True,0.5,0.0001,"gamma=0.5, epsilon=0.0001"
KAPPA,1,2,1.0,1.0,0.35,S4,流失召回强化策略,12,5,300,0.6,9709404.837037008,105336.90367174707,9550876.068494719,97002.83288813107,19260280.905531727,202339.73655987816,455207.9600971579,6346592.277806909,219814.70189014787,682187.1784496371,54349.89464294174,38.52734730329317,38.52734730329317,31045.494320341037,0.02338883177492986,True,True,0.5,0.0001,"gamma=0.5, epsilon=0.0001"
KAPPA,1,2,1.0,1.0,0.35,S5,高强度综合激励策略,16,7,420,0.7,9796673.795091966,103928.28669940341,9639415.69226171,102341.47865136256,19436089.487353675,206269.76535076596,788346.3569173827,6076165.893261634,405945.353740733,1298494.8434916656,57674.598154182524,56.234811151777556,56.234811151777556,34975.52311122883,0.040135013659768994,True,True,0.5,0.0001,"gamma=0.5, epsilon=0.0001"
KAPPA,1,2,1.0,1.0,0.35,S0,无积分基准策略,0,0,0,0.0,8076026.680760961,85647.12111976856,8076026.680760961,85647.12111976856,16152053.361521922,171294.24223953712,0.0,5704606.949204534,0.0,0.0,0.0,0.0,0.0,0.0,0.0,True,True,0.5,0.001,"gamma=0.5, epsilon=0.001"
KAPPA,1,2,1.0,1.0,0.35,S1,低补贴保留策略,6,2,120,0.3,9216259.457859341,84447.20205484606,8915981.508647723,74375.36154434236,18132240.966507062,158822.5635991884,67566.0179019371,6326365.089455291,55475.6624538752,140188.1314376099,30335.298989757262,-36.35852753068755,-36.35852753068755,-12471.67864034872,0.003693935991787822,True,True,0.5,0.001,"gamma=0.5, epsilon=0.001"
KAPPA,1,2,1.0,1.0,0.35,S2,均衡促活策略,10,4,220,0.5,9422996.983866474,92930.46739103869,9180435.324320639,83351.0487061714,18603432.308187112,176281.5160972101,271014.14011660015,6293071.622578052,134732.39808271662,404344.9176002143,40219.1806102584,-7.095949724633207,-7.095949724633207,4987.273857672961,0.014431217783848644,True,True,0.5,0.001,"gamma=0.5, epsilon=0.001"
KAPPA,1,2,1.0,1.0,0.35,S3,私教转化强化策略,9,4,260,0.55,9430363.973319454,94267.95275118564,9200984.371565834,83960.4954184822,18631348.34488529,178228.44816966786,321651.3945938582,6252789.060566894,146917.78026927108,482891.1502344184,40981.67201342345,-4.975971318899257,-4.975971318899257,6934.205930130731,0.017100405720591294,True,True,0.5,0.001,"gamma=0.5, epsilon=0.001"
KAPPA,1,2,1.0,1.0,0.35,S4,流失召回强化策略,12,5,300,0.6,9507137.947143756,97520.14941333373,9310050.725951806,88008.92614846445,18817188.67309556,185529.07556179818,452722.5872340867,6188952.171017899,219814.70189014787,682187.1784496371,45048.094407909455,8.464170176405773,8.464170176405773,14234.833322261053,0.023824096806683025,True,True,0.5,0.001,"gamma=0.5, epsilon=0.001"
KAPPA,1,2,1.0,1.0,0.35,S5,高强度综合激励策略,16,7,420,0.7,9617548.55392584,96662.73629394996,9440959.904895611,94070.95507977229,19058508.458821453,190733.69137372225,784657.4166893873,5943040.651310237,405945.353740733,1298494.8434916656,50006.44528562582,28.60214070797874,28.60214070797874,19439.449134185124,0.04076302903599929,True,True,0.5,0.001,"gamma=0.5, epsilon=0.001"
KAPPA,1,2,1.0,1.0,0.35,S0,无积分基准策略,0,0,0,0.0,8076026.680760961,85647.12111976856,8076026.680760961,85647.12111976856,16152053.361521922,171294.24223953712,0.0,5704606.949204534,0.0,0.0,0.0,0.0,0.0,0.0,0.0,True,True,0.5,0.01,"gamma=0.5, epsilon=0.01"
KAPPA,1,2,1.0,1.0,0.35,S1,低补贴保留策略,6,2,120,0.3,8853119.790670408,79118.02308834634,8653303.411001826,71789.18917349617,17506423.201672234,150907.2122618425,64231.20991618732,6108289.074347647,55475.6624538752,140188.1314376099,20577.70360202714,-45.65162904697886,-45.65162904697886,-20387.02997769462,0.0036376512423135048,True,True,0.5,0.01,"gamma=0.5, epsilon=0.01"
KAPPA,1,2,1.0,1.0,0.35,S2,均衡促活策略,10,4,220,0.5,9037288.665693007,85322.86784506004,8828020.822331874,78186.33275479704,17865309.488024883,163509.20059985708,263086.52055127843,6038824.560437388,134732.39808271662,404344.9176002143,26930.87202644404,-24.79721449013065,-24.79721449013065,-7785.041639680043,0.014592554570271015,True,True,0.5,0.01,"gamma=0.5, epsilon=0.01"
KAPPA,1,2,1.0,1.0,0.35,S3,私教转化强化策略,9,4,260,0.55,9053733.353559855,86448.73829624687,8842497.00184768,78754.59652644742,17896230.355407536,165203.3348226943,313909.3550667438,5999332.269772702,146917.78026927108,482891.1502344184,27437.427768682457,-22.92937827378107,-22.92937827378107,-6090.90741684282,0.017380090664482702,True,True,0.5,0.01,"gamma=0.5, epsilon=0.01"
KAPPA,1,2,1.0,1.0,0.35,S4,流失召回强化策略,12,5,300,0.6,9147499.361274278,89095.11380815221,8932604.615964731,81137.64429976836,18080103.97723901,170232.75810792058,442300.6023735233,5936805.617092505,219814.70189014787,682187.1784496371,30739.132696691857,-15.10642970588049,-15.10642970588049,-1061.4841316165403,0.02423520227530286,True,True,0.5,0.01,"gamma=0.5, epsilon=0.01"
KAPPA,1,2,1.0,1.0,0.35,S5,高强度综合激励策略,16,7,420,0.7,9278542.10196476,87939.60365006715,9054518.24100092,86246.34657612289,18333060.34296568,174185.95022619003,770557.1809331933,5698269.724172652,405945.353740733,1298494.8434916656,35282.811008470104,2.0858416921432985,2.0858416921432985,2891.7079866529093,0.04163543126438279,True,True,0.5,0.01,"gamma=0.5, epsilon=0.01"
KAPPA,1,2,1.0,1.0,0.35,S0,无积分基准策略,0,0,0,0.0,8076026.680760961,85647.12111976856,8076026.680760961,85647.12111976856,16152053.361521922,171294.24223953712,0.0,5704606.949204534,0.0,0.0,0.0,0.0,0.0,0.0,0.0,True,True,0.5,0.05,"gamma=0.5, epsilon=0.05"
KAPPA,1,2,1.0,1.0,0.35,S1,低补贴保留策略,6,2,120,0.3,8650151.213526823,74339.78786781234,8533975.610499144,70187.56155409115,17184126.824025966,144527.3494219035,59892.9227839526,5997909.670451706,55475.6624538752,140188.1314376099,16319.912059780761,-51.24720713309105,-51.24720713309105,-26766.892817633634,0.0034562939616929146,True,True,0.5,0.05,"gamma=0.5, epsilon=0.05"
KAPPA,1,2,1.0,1.0,0.35,S2,均衡促活策略,10,4,220,0.5,8783168.22639951,79147.24096409485,8635334.360424004,73654.32428100787,17418502.586823516,152801.5652451027,251844.50686726408,5890471.868094496,134732.39808271662,404344.9176002143,19902.36189153392,-40.53566794939081,-40.53566794939081,-18492.676994434412,0.014332715698715803,True,True,0.5,0.05,"gamma=0.5, epsilon=0.05"
KAPPA,1,2,1.0,1.0,0.35,S3,私教转化强化策略,9,4,260,0.55,8795224.944268456,79563.57604802182,8643773.4500209,73986.04083075718,17438998.394289356,153549.616878779,302958.66751208616,5846755.655552821,146917.78026927108,482891.1502344184,20219.87755454442,-39.43173852309846,-39.43173852309846,-17744.62536075813,0.017220852108504204,True,True,0.5,0.05,"gamma=0.5, epsilon=0.05"
KAPPA,1,2,1.0,1.0,0.35,S4,流失召回强化策略,12,5,300,0.6,8861632.687426532,82946.29643761113,8707578.592504473,75653.74096960288,17569211.279931005,158600.037407214,427561.4889031609,5769242.470294855,219814.70189014787,682187.1784496371,22506.68614292024,-33.98478373016516,-33.98478373016516,-12694.204832323128,0.024118120463353286,True,True,0.5,0.05,"gamma=0.5, epsilon=0.05"
KAPPA,1,2,1.0,1.0,0.35,S5,高强度综合激励策略,16,7,420,0.7,8979522.941267993,81865.42650295702,8796593.331607172,79428.92829227968,17776116.272875167,161294.35479523672,750125.1818147071,5519903.820130172,405945.353740733,1298494.8434916656,25733.92350935372,-21.176121625268227,-21.176121625268227,-9999.887444300402,0.041819033827410826,True,True,0.5,0.05,"gamma=0.5, epsilon=0.05"
KAPPA,1,2,1.0,1.0,0.35,S0,无积分基准策略,0,0,0,0.0,8076026.680760961,85647.12111976856,8076026.680760961,85647.12111976856,16152053.361521922,171294.24223953712,0.0,5704606.949204534,0.0,0.0,0.0,0.0,0.0,0.0,0.0,True,True,0.75,1e-09,"gamma=0.75, epsilon=1e-09"
KAPPA,1,2,1.0,1.0,0.35,S1,低补贴保留策略,6,2,120,0.3,10130621.58196021,111563.69229837593,9961945.862391168,93439.40030987978,20092567.44435138,205003.0926082557,71958.02803392117,7021941.505271537,55475.6624538752,140188.1314376099,70218.48355862946,29.29824336027686,29.29824336027686,33708.85036871859,0.0035451547219847598,True,True,0.75,1e-09,"gamma=0.75, epsilon=1e-09"
KAPPA,1,2,1.0,1.0,0.35,S2,均衡促活策略,10,4,220,0.5,10233242.944194682,115214.95899754512,10111791.480950356,110355.3323822576,20345034.425145037,225570.29137980274,282394.01356491615,6906039.122649787,134732.39808271662,404344.9176002143,75646.97538110212,84.15038524141907,84.15038524141907,54276.04914026562,0.013728036557819933,True,True,0.75,1e-09,"gamma=0.75, epsilon=1e-09"
KAPPA,1,2,1.0,1.0,0.35,S3,私教转化强化策略,9,4,260,0.55,10222282.845575688,115644.7701231485,10123685.546439866,110984.49717153418,20345968.392015554,226629.26729468268,332821.4572369859,6856256.260156862,146917.78026927108,482891.1502344184,76083.47882735693,86.13831673730324,86.13831673730324,55335.025055145554,0.016177901437078163,True,True,0.75,1e-09,"gamma=0.75, epsilon=1e-09"
KAPPA,1,2,1.0,1.0,0.35,S4,流失召回强化策略,12,5,300,0.6,10256116.658548333,117354.13336341557,10176522.644023852,113152.59445789174,20432639.302572183,230506.72782130732,468385.855306441,6752189.918940215,219814.70189014787,682187.1784496371,78052.58089821899,93.04392571180793,93.04392571180793,59212.48558177019,0.02266769322626335,True,True,0.75,1e-09,"gamma=0.75, epsilon=1e-09"
KAPPA,1,2,1.0,1.0,0.35,S5,高强度综合激励策略,16,7,420,0.7,10297094.900728358,118979.14569069441,10223211.646259185,115461.33623642584,20520306.54698754,234440.48192712024,807925.6092975106,6444513.826726265,405945.353740733,1298494.8434916656,79794.26631323776,100.67305450928717,100.67305450928717,63146.23968758312,0.038927268454389825,True,True,0.75,1e-09,"gamma=0.75, epsilon=1e-09"
KAPPA,1,2,1.0,1.0,0.35,S0,无积分基准策略,0,0,0,0.0,8076026.680760961,85647.12111976856,8076026.680760961,85647.12111976856,16152053.361521922,171294.24223953712,0.0,5704606.949204534,0.0,0.0,0.0,0.0,0.0,0.0,0.0,True,True,0.75,0.0001,"gamma=0.75, epsilon=0.0001"
KAPPA,1,2,1.0,1.0,0.35,S1,低补贴保留策略,6,2,120,0.3,9803829.612410653,108223.27967896544,9553590.383800762,85682.55809306967,19357419.996211417,193905.8377720351,71829.76096665768,6761438.989038949,55475.6624538752,140188.1314376099,54606.38157261439,2.2769209477305887,2.2769209477305887,22611.595532497973,0.00367390741561913,True,True,0.75,0.0001,"gamma=0.75, epsilon=0.0001"
KAPPA,1,2,1.0,1.0,0.35,S2,均衡促活策略,10,4,220,0.5,9974680.136279136,131733.7324553433,9777935.965130946,105274.44308752757,19752616.101410083,237008.1755428709,282094.5637889344,6702423.524367455,134732.39808271662,404344.9176002143,63019.575047051476,66.81038384195783,66.81038384195783,65713.93330333376,0.014112049325217953,True,True,0.75,0.0001,"gamma=0.75, epsilon=0.0001"
KAPPA,1,2,1.0,1.0,0.35,S3,私教转化强化策略,9,4,260,0.55,9975718.705757545,145917.03996059234,9795752.593983019,106852.33644837295,19771471.299740564,252769.3764089653,332528.92024063197,6663316.847591254,146917.78026927108,482891.1502344184,63690.26081068328,71.9601726289945,71.9601726289945,81475.13416942817,0.01660631859247979,True,True,0.75,0.0001,"gamma=0.75, epsilon=0.0001"
KAPPA,1,2,1.0,1.0,0.35,S4,流失召回强化策略,12,5,300,0.6,10026973.586465104,128878.76271186741,9877732.125948455,127054.15984189112,19904705.712413557,255932.92255375854,467979.7417066081,6575447.134404264,219814.70189014787,682187.1784496371,66746.85901127491,138.4639409687667,138.4639409687667,84638.68031422142,0.023212545504135353,True,True,0.75,0.0001,"gamma=0.75, epsilon=0.0001"
KAPPA,1,2,1.0,1.0,0.35,S5,高强度综合激励策略,16,7,420,0.7,10094683.353011282,113953.62095629693,9977126.78953726,145699.14722322449,20071810.142548542,259652.76817952143,807308.1348098483,6295721.245535999,405945.353740733,1298494.8434916656,70491.25537432254,200.6953318327455,200.6953318327455,88358.5259399843,0.03970733135901724,True,True,0.75,0.0001,"gamma=0.75, epsilon=0.0001"
KAPPA,1,2,1.0,1.0,0.35,S0,无积分基准策略,0,0,0,0.0,8076026.680760961,85647.12111976856,8076026.680760961,85647.12111976856,16152053.361521922,171294.24223953712,0.0,5704606.949204534,0.0,0.0,0.0,0.0,0.0,0.0,0.0,True,True,0.75,0.001,"gamma=0.75, epsilon=0.001"
KAPPA,1,2,1.0,1.0,0.35,S1,低补贴保留策略,6,2,120,0.3,9549232.057067141,95879.27652280741,9229327.451877547,79295.30248692518,18778559.50894469,175174.57900973258,70930.00508298787,6554118.196750573,55475.6624538752,140188.1314376099,42159.559605033784,-19.482833048265764,-19.482833048265764,3880.3367701954558,0.0037422707712284346,True,True,0.75,0.001,"gamma=0.75, epsilon=0.001"
KAPPA,1,2,1.0,1.0,0.35,S2,均衡促活策略,10,4,220,0.5,9752758.965556832,107938.53394811405,9517670.477699798,94087.17640348924,19270429.44325663,202025.71035160328,280077.4436100486,6525180.574635253,134732.39808271662,404344.9176002143,52980.699515444925,29.25768157046588,29.25768157046588,30731.468112066155,0.01438326299383724,True,True,0.75,0.001,"gamma=0.75, epsilon=0.001"
KAPPA,1,2,1.0,1.0,0.35,S3,私教转化强化策略,9,4,260,0.55,9764357.415891327,108950.63317252502,9544505.214748718,95304.09598498188,19308862.630640045,204254.7291575069,330589.4218010426,6488788.917670225,146917.78026927108,482891.1502344184,54015.80798991698,33.03431973528268,33.03431973528268,32960.48691796977,0.016941907113322077,True,True,0.75,0.001,"gamma=0.75, epsilon=0.001"
KAPPA,1,2,1.0,1.0,0.35,S4,流失召回强化策略,12,5,300,0.6,9848013.905661248,112331.18723854194,9637105.890585907,102246.58546228432,19485119.796247154,214577.77270082626,465346.08590845345,6418819.174588298,219814.70189014787,682187.1784496371,57493.34961049475,55.84664540851634,55.84664540851634,43283.530461289134,0.023621991367114382,True,True,0.75,0.001,"gamma=0.75, epsilon=0.001"
KAPPA,1,2,1.0,1.0,0.35,S5,高强度综合激励策略,16,7,420,0.7,9936649.425883062,111636.70572951727,9765660.041402407,108751.671235499,19702309.46728547,220388.37696501627,803404.4205886559,6158520.406050762,405945.353740733,1298494.8434916656,62399.19376915199,77.4868326357179,77.4868326357179,49094.13472547915,0.04032608569729984,True,True,0.75,0.001,"gamma=0.75, epsilon=0.001"
KAPPA,1,2,1.0,1.0,0.35,S0,无积分基准策略,0,0,0,0.0,8076026.680760961,85647.12111976856,8076026.680760961,85647.12111976856,16152053.361521922,171294.24223953712,0.0,5704606.949204534,0.0,0.0,0.0,0.0,0.0,0.0,0.0,True,True,0.75,0.01,"gamma=0.75, epsilon=0.01"
KAPPA,1,2,1.0,1.0,0.35,S1,低补贴保留策略,6,2,120,0.3,9044856.87279248,84194.34755433975,8752870.092798948,74358.0824940745,17797726.96559143,158552.43004841424,67175.31197063751,6209594.855000887,55475.6624538752,140188.1314376099,24213.050154058445,-36.8835808963617,-36.8835808963617,-12741.81219112288,0.0037410484928714727,True,True,0.75,0.01,"gamma=0.75, epsilon=0.01"
KAPPA,1,2,1.0,1.0,0.35,S2,均衡促活策略,10,4,220,0.5,9326326.351365285,93547.18645701109,8996010.204100052,83156.21829070809,18322336.555465337,176703.40474771918,271596.1041993242,6194232.711637859,134732.39808271662,404344.9176002143,33136.702849496025,-7.998526714596373,-7.998526714596373,5409.162508182053,0.014681632386516354,True,True,0.75,0.01,"gamma=0.75, epsilon=0.01"
KAPPA,1,2,1.0,1.0,0.35,S3,私教转化强化策略,9,4,260,0.55,9343745.941840483,94360.04203138688,9023997.465906119,83817.59548843015,18367743.4077466,178177.63751981704,322351.48484433535,6159811.99912292,146917.78026927108,482891.1502344184,34182.80695912364,-5.716223410886743,-5.716223410886743,6883.395280279918,0.01738126049698734,True,True,0.75,0.01,"gamma=0.75, epsilon=0.01"
KAPPA,1,2,1.0,1.0,0.35,S4,流失召回强化策略,12,5,300,0.6,9460982.80207197,98305.71761072698,9164517.98716482,87480.49907271785,18625500.78923679,185786.21668344483,454637.39096177416,6120023.750276135,219814.70189014787,682187.1784496371,39471.344511137264,6.3227770187252545,6.3227770187252545,14491.974443907704,0.024168329940354,True,True,0.75,0.01,"gamma=0.75, epsilon=0.01"
KAPPA,1,2,1.0,1.0,0.35,S5,高强度综合激励策略,16,7,420,0.7,9614675.187524162,98548.42167840956,9350748.818487188,94138.43459672635,18965424.006011352,192686.8562751359,789610.6841821808,5906093.774804332,405945.353740733,1298494.8434916656,46553.455226212965,28.615359257150658,28.615359257150658,21392.614035598788,0.04121547734315293,True,True,0.75,0.01,"gamma=0.75, epsilon=0.01"
KAPPA,1,2,1.0,1.0,0.35,S0,无积分基准策略,0,0,0,0.0,8076026.680760961,85647.12111976856,8076026.680760961,85647.12111976856,16152053.361521922,171294.24223953712,0.0,5704606.949204534,0.0,0.0,0.0,0.0,0.0,0.0,0.0,True,True,0.75,0.05,"gamma=0.75, epsilon=0.05"
KAPPA,1,2,1.0,1.0,0.35,S1,低补贴保留策略,6,2,120,0.3,8726442.204474403,76686.2631440416,8563211.45653666,70699.66397719522,17289653.661011063,147385.9271212368,62075.861944294484,6033518.6975459475,55475.6624538752,140188.1314376099,17351.326128811153,-49.39620982791802,-49.39620982791802,-23908.31511830032,0.0035600000579538455,True,True,0.75,0.05,"gamma=0.75, epsilon=0.05"
KAPPA,1,2,1.0,1.0,0.35,S2,均衡促活策略,10,4,220,0.5,8921862.570478708,83401.35625546421,8700325.790037537,75553.77360876962,17622188.360516243,158955.12986423384,259338.6159120643,5956113.849227891,134732.39808271662,404344.9176002143,22260.96074947219,-34.18295271779737,-34.18295271779737,-12339.112375303288,0.014585035886604559,True,True,0.75,0.05,"gamma=0.75, epsilon=0.05"
KAPPA,1,2,1.0,1.0,0.35,S3,私教转化强化策略,9,4,260,0.55,8932871.838085795,84237.1141079213,8717882.935727052,76025.75720263948,17650754.773812845,160262.8713105608,310524.97473393637,5915318.057493728,146917.78026927108,482891.1502344184,22888.133502188477,-32.672633017726504,-32.672633017726504,-11031.370928976336,0.01743443192977561,True,True,0.75,0.05,"gamma=0.75, epsilon=0.05"
KAPPA,1,2,1.0,1.0,0.35,S4,流失召回强化策略,12,5,300,0.6,9034238.629469171,88033.2488635631,8802757.969049728,78755.20048182238,17836996.5985189,166788.44934538548,438853.1485280645,5854132.1957571665,219814.70189014787,682187.1784496371,25968.872360540023,-23.380110530814566,-23.380110530814566,-4505.792894151644,0.02437560476096241,True,True,0.75,0.05,"gamma=0.75, epsilon=0.05"
KAPPA,1,2,1.0,1.0,0.35,S5,高强度综合激励策略,16,7,420,0.7,9211579.8288519,87785.36354638315,8935552.459008126,84023.9208401833,18147132.287860025,171809.28438656643,768829.1496044176,5634209.936462561,405945.353740733,1298494.8434916656,30829.078631632012,-5.504846497348652,-5.504846497348652,515.0421470293077,0.041969081377998534,True,True,0.75,0.05,"gamma=0.75, epsilon=0.05"
KAPPA,1,2,1.0,1.0,0.35,S0,无积分基准策略,0,0,0,0.0,8076026.680760961,85647.12111976856,8076026.680760961,85647.12111976856,16152053.361521922,171294.24223953712,0.0,5704606.949204534,0.0,0.0,0.0,0.0,0.0,0.0,0.0,True,True,1.0,1e-09,"gamma=1, epsilon=1e-09"
KAPPA,1,2,1.0,1.0,0.35,S1,低补贴保留策略,6,2,120,0.3,10252057.549276663,117629.24187175807,10095554.020811206,99253.51873047197,20347611.57008787,216882.76060223003,74311.06225901873,7112417.815452404,55475.6624538752,140188.1314376099,75149.99027574524,48.904593584685735,48.904593584685735,45588.51836269291,0.0036135613676684564,True,True,1.0,1e-09,"gamma=1, epsilon=1e-09"
KAPPA,1,2,1.0,1.0,0.35,S2,均衡促活策略,10,4,220,0.5,10332432.210843138,120467.43608854432,10234656.72939137,116680.35588260517,20567088.94023451,237147.7919711495,288422.3640039624,6981203.102669459,134732.39808271662,404344.9176002143,80281.08191845652,105.24250090765683,105.24250090765683,65853.54973161238,0.013863635937072127,True,True,1.0,1e-09,"gamma=1, epsilon=1e-09"
KAPPA,1,2,1.0,1.0,0.35,S3,私教转化强化策略,9,4,260,0.55,10317417.053194841,120506.53107369233,10243715.009420684,117197.63210973905,20561132.062615525,237704.16318343137,338765.26250856125,6928942.208361901,146917.78026927108,482891.1502344184,80638.17437315764,106.78675522529376,106.78675522529376,66409.92094389425,0.01628770277484831,True,True,1.0,1e-09,"gamma=1, epsilon=1e-09"
KAPPA,1,2,1.0,1.0,0.35,S4,流失召回强化策略,12,5,300,0.6,10335912.505694086,121095.56249108585,10285598.143584345,118820.02164353116,20621510.649278432,239915.584134617,476741.4560533521,6812761.946434484,219814.70189014787,682187.1784496371,82199.8843102042,111.90980497045511,111.90980497045511,68621.34189507988,0.022852773857320038,True,True,1.0,1e-09,"gamma=1, epsilon=1e-09"
KAPPA,1,2,1.0,1.0,0.35,S5,高强度综合激励策略,16,7,420,0.7,10358503.792577317,125825.59522862095,10318277.428568155,120335.75694517416,20676781.221145473,246161.3521737951,819666.5712337376,6491055.261819316,405945.353740733,1298494.8434916656,83433.79042284332,116.56200812475372,116.56200812475372,74867.10993425798,0.03917549208776056,True,True,1.0,1e-09,"gamma=1, epsilon=1e-09"
KAPPA,1,2,1.0,1.0,0.35,S0,无积分基准策略,0,0,0,0.0,8076026.680760961,85647.12111976856,8076026.680760961,85647.12111976856,16152053.361521922,171294.24223953712,0.0,5704606.949204534,0.0,0.0,0.0,0.0,0.0,0.0,0.0,True,True,1.0,0.0001,"gamma=1, epsilon=0.0001"
KAPPA,1,2,1.0,1.0,0.35,S1,低补贴保留策略,6,2,120,0.3,10043587.54696499,111468.77813111054,9787610.708534757,107616.40263543706,19831198.255499747,219085.1807665476,74171.86302813467,6932473.080626741,55475.6624538752,140188.1314376099,63502.19477768056,75.70918110172079,75.70918110172079,47790.93852701047,0.003699292494487885,True,True,1.0,0.0001,"gamma=1, epsilon=0.0001"
KAPPA,1,2,1.0,1.0,0.35,S2,均衡促活策略,10,4,220,0.5,10149832.539378097,115879.35245444237,10023508.313739806,109254.48111056042,20173340.853117906,225133.83356500277,288097.1298225339,6840112.318838234,134732.39808271662,404344.9176002143,72294.34054694856,83.15464749686235,83.15464749686235,53839.59132546565,0.014123464339743862,True,True,1.0,0.0001,"gamma=1, epsilon=0.0001"
KAPPA,1,2,1.0,1.0,0.35,S3,私教转化强化策略,9,4,260,0.55,10144983.860440262,116315.49114683099,10038629.452266503,110543.31661641477,20183613.312706765,226858.80776324577,338447.14331386663,6793875.158462474,146917.78026927108,482891.1502344184,72876.78873030457,84.37679257639547,84.37679257639547,55564.56552370865,0.016582034032149223,True,True,1.0,0.0001,"gamma=1, epsilon=0.0001"
KAPPA,1,2,1.0,1.0,0.35,S4,流失召回强化策略,12,5,300,0.6,10187270.920626359,117314.15389629552,10081633.344060354,113279.70041076916,20268904.26468671,230593.85430706467,476365.59081907256,6686929.058113394,219814.70189014787,682187.1784496371,74531.80921340523,93.24129727025671,93.24129727025671,59299.612067527545,0.02323791480425059,True,True,1.0,0.0001,"gamma=1, epsilon=0.0001"
KAPPA,1,2,1.0,1.0,0.35,S5,高强度综合激励策略,16,7,420,0.7,10234359.02611569,118575.81868293132,10145552.057351843,116114.27100783099,20379911.083467532,234690.0896907623,819172.7270862156,6384203.179034649,405945.353740733,1298494.8434916656,76943.00724285565,102.3659238450316,102.3659238450316,63395.847451225185,0.03973750062906082,True,True,1.0,0.0001,"gamma=1, epsilon=0.0001"
KAPPA,1,2,1.0,1.0,0.35,S0,无积分基准策略,0,0,0,0.0,8076026.680760961,85647.12111976856,8076026.680760961,85647.12111976856,16152053.361521922,171294.24223953712,0.0,5704606.949204534,0.0,0.0,0.0,0.0,0.0,0.0,0.0,True,True,1.0,0.001,"gamma=1, epsilon=0.001"
KAPPA,1,2,1.0,1.0,0.35,S1,低补贴保留策略,6,2,120,0.3,9811252.177804887,108311.75917411043,9462255.426584387,85468.47784341048,19273507.604389273,193780.2370175209,73258.40904282931,6730603.323598672,55475.6624538752,140188.1314376099,51003.45926041705,1.6005459115465102,1.6005459115465102,22485.994777983782,0.003763154356150689,True,True,1.0,0.001,"gamma=1, epsilon=0.001"
KAPPA,1,2,1.0,1.0,0.35,S2,均衡促活策略,10,4,220,0.5,9988035.057678562,134924.93091214183,9760934.48529573,104971.62304544236,19748969.542974293,239896.5539575842,285920.48949097237,6698187.816737305,134732.39808271662,404344.9176002143,62256.58614119747,65.55510283892148,65.55510283892148,68602.31171804707,0.01430398743502808,True,True,1.0,0.001,"gamma=1, epsilon=0.001"
KAPPA,1,2,1.0,1.0,0.35,S3,私教转化强化策略,9,4,260,0.55,9990614.556150228,135784.91899870275,9789681.54273243,107208.82527450581,19780296.09888266,242993.74427320855,336339.21459507814,6659662.543295815,146917.78026927108,482891.1502344184,63295.42147317255,72.87654742397436,72.87654742397436,71699.50203367142,0.01679740028884623,True,True,1.0,0.001,"gamma=1, epsilon=0.001"
KAPPA,1,2,1.0,1.0,0.35,S4,流失召回强化策略,12,5,300,0.6,10050892.924124308,131127.54530960054,9879709.276395539,114100.39625044461,19930602.200519845,245227.94156004515,473665.22399482847,6575613.92865513,219814.70189014787,682187.1784496371,66772.8155276147,95.60075363946699,95.60075363946699,73933.69932050802,0.023476864181510165,True,True,1.0,0.001,"gamma=1, epsilon=0.001"
KAPPA,1,2,1.0,1.0,0.35,S5,高强度综合激励策略,16,7,420,0.7,10132090.761371749,115413.17091497926,9991349.941640347,135392.47956292317,20123440.703012094,250805.65047790244,816051.4394182423,6302394.501779361,405945.353740733,1298494.8434916656,71010.45249682061,165.80801707105914,165.80801707105914,79511.40823836531,0.04005308590363919,True,True,1.0,0.001,"gamma=1, epsilon=0.001"
KAPPA,1,2,1.0,1.0,0.35,S0,无积分基准策略,0,0,0,0.0,8076026.680760961,85647.12111976856,8076026.680760961,85647.12111976856,16152053.361521922,171294.24223953712,0.0,5704606.949204534,0.0,0.0,0.0,0.0,0.0,0.0,0.0,True,True,1.0,0.01,"gamma=1, epsilon=0.01"
KAPPA,1,2,1.0,1.0,0.35,S1,低补贴保留策略,6,2,120,0.3,9244182.152323144,89501.63450493089,8854010.972144134,76744.62731206891,18098193.124467276,166246.26181699982,69383.30775053019,6314858.164358116,55475.6624538752,140188.1314376099,27901.154376258273,-28.596489604641846,-28.596489604641846,-5047.980422537308,0.0037988194591197662,True,True,1.0,0.01,"gamma=1, epsilon=0.01"
KAPPA,1,2,1.0,1.0,0.35,S2,均衡促活策略,10,4,220,0.5,9562428.378418395,101966.78668975912,9187681.548044685,87918.12888748806,18750109.926463082,189884.91557724716,277721.00104491954,6341782.947890333,134732.39808271662,404344.9176002143,40393.49456853636,8.146134113934938,8.146134113934938,18590.67333771003,0.01466320362603656,True,True,1.0,0.01,"gamma=1, epsilon=0.01"
KAPPA,1,2,1.0,1.0,0.35,S3,私教转化强化策略,9,4,260,0.55,9584914.169667875,103054.99300740786,9223002.523207169,88948.71504081013,18807916.692875043,192003.708048218,328379.9505085606,6311992.004412169,146917.78026927108,482891.1502344184,41736.27587999039,11.454909097805732,11.454909097805732,20709.465808680863,0.017283227696712016,True,True,1.0,0.01,"gamma=1, epsilon=0.01"
KAPPA,1,2,1.0,1.0,0.35,S4,流失召回强化策略,12,5,300,0.6,9694765.929685086,107970.53773549262,9380806.494550394,94455.05641982709,19075572.424235478,202425.5941553197,463138.1152486706,6274039.911480342,219814.70189014787,682187.1784496371,47709.157913979,29.753983361295962,29.753983361295962,31131.35191578258,0.024024181079739027,True,True,1.0,0.01,"gamma=1, epsilon=0.01"
KAPPA,1,2,1.0,1.0,0.35,S5,高强度综合激励策略,16,7,420,0.7,9845528.736314077,108895.88014598843,9586124.974479362,102774.6464396722,19431653.71079344,211670.52658566064,801641.0681352848,6062938.888618116,405945.353740733,1298494.8434916656,55466.80445428212,57.23564378214737,57.23564378214737,40376.28434612352,0.04080984758220553,True,True,1.0,0.01,"gamma=1, epsilon=0.01"
KAPPA,1,2,1.0,1.0,0.35,S0,无积分基准策略,0,0,0,0.0,8076026.680760961,85647.12111976856,8076026.680760961,85647.12111976856,16152053.361521922,171294.24223953712,0.0,5704606.949204534,0.0,0.0,0.0,0.0,0.0,0.0,0.0,True,True,1.0,0.05,"gamma=1, epsilon=0.05"
KAPPA,1,2,1.0,1.0,0.35,S1,低补贴保留策略,6,2,120,0.3,8798885.09583175,79540.52471799051,8595738.056590153,71544.04434316218,17394623.152421903,151084.5690611527,63875.87027078393,6069567.603795228,55475.6624538752,140188.1314376099,18489.10919317877,-46.64543026467229,-46.64543026467229,-20209.67317838443,0.003640541110380745,True,True,1.0,0.05,"gamma=1, epsilon=0.05"
KAPPA,1,2,1.0,1.0,0.35,S2,均衡促活策略,10,4,220,0.5,9046950.602568422,87888.69854939172,8770534.607875178,78103.43369301375,17817485.2104436,165992.13224240547,264988.7957444045,6020928.667583577,134732.39808271662,404344.9176002143,24802.04622984914,-25.517083678389657,-25.517083678389657,-5302.109997131658,0.01473512550964884,True,True,1.0,0.05,"gamma=1, epsilon=0.05"
KAPPA,1,2,1.0,1.0,0.35,S3,私教转化强化策略,9,4,260,0.55,9073483.57551692,89184.73144649342,8787676.65219547,78972.69641690867,17861160.227712393,168157.4278634021,316134.37498170557,5985718.933076652,146917.78026927108,482891.1502344184,25433.818217187316,-22.490107702469043,-22.490107702469043,-3136.8143761350366,0.017534461426716115,True,True,1.0,0.05,"gamma=1, epsilon=0.05"
KAPPA,1,2,1.0,1.0,0.35,S4,流失召回强化策略,12,5,300,0.6,9220582.970357055,93303.35957060383,8899451.632582016,82139.09670120945,18120034.60293907,175442.45627181328,447387.06579380436,5947257.782116413,219814.70189014787,682187.1784496371,29510.885698212733,-11.873508477563725,-11.873508477563725,4148.214032276155,0.024453424436318087,True,True,1.0,0.05,"gamma=1, epsilon=0.05"
KAPPA,1,2,1.0,1.0,0.35,S5,高强度综合激励策略,16,7,420,0.7,9435850.216313636,94523.07929580328,9074668.54493295,88977.23634918108,18510518.761246584,183500.31564498437,781820.5036782594,5751911.157451539,405945.353740733,1298494.8434916656,36031.43486371291,11.103689729442843,11.103689729442843,12206.073405447241,0.041821959229981706,True,True,1.0,0.05,"gamma=1, epsilon=0.05"
